measuring point,CON_L1,GF1,GF2,GF6,GF7,GF8,GF11,GF14,GF17,SEG1,GF3,GF4,CONV1,RIS10,RIS11,CONV2,SEG2,SEG3,SEG4,SEG5,dp2,ILS1,ILS2,dp1,GF19,GF22,GF23,ZL1,ZL2,CON_R1,CON_R2,RIS1,RIS2,RIS3,RIS4,RIS5,ULS1,ULS2,RIS12,RIS13,ZR1,ZR2,gm1,gm2
sensor number,1,3,4,6,7,8,9,10,11,13,15,16,17,21,22,23,25,26,27,28,30,31,32,33,34,35,36,37,38,39,40,41,42,43,44,45,48,49,50,51,52,53,101,102
sensor range,500,250,250,100,100,100,100,100,100,500,250,250,250,100,100,100,250,250,250,250,25,250,250,50,50,50,50,50,50,500,500,500,500,250,250,250,250,250,100,50,50,50,1,1
sensor height,-0.187,-0.046,0.033,0.233,0.349,0.449,0.599,0.749,0.899,-0.245,0.083,0.131,0.178,0.601,1.101,0.478,-0.205,-0.165,-0.084,-0.023,nan,0.628,0.628,nan,0.999,1.295,1.488,1.154,1.592,-0.35,-0.35,-0.29,-0.225,-0.16,-0.128,-0.03,1.056,1.056,1.637,1.735,1.401,1.839,0.0,0.0
calibration correction mbar,0.0,0.0,0.0,0.0,0.0,0.0,0.0,0.0,0.0,0.0,0.0,0.0,0.0,0.0,0.0,0.0,0.0,0.0,0.0,0.0,0.0,0.0,0.0,0.0,0.0,0.0,0.0,0.0,0.0,0.0,0.0,0.0,0.0,0.0,0.0,0.0,0.0,0.0,0.0,0.0,0.0,0.0,0.0,0.0
2025-09-11 17:59:16.738,72.18,21.87,5.7,1.52,1.21,1.35,0.92,0.66,0.55,80.43,0.7,0.67,-0.96,8.32,7.89,-0.5,59.93,40.66,2.57,0.69,2.18,40.53,39.1,4.7,0.8,0.65,0.58,0.51,0.36,117.02,100.64,85.4,60.07,33.26,11.6,8.56,27.94,28.67,6.03,6.01,4.41,3.47,62.25,124.75
2025-09-11 17:59:16.962,73.82,22.48,6.11,1.93,1.86,1.51,1.49,0.99,0.87,83.29,1.93,3.12,0.46,8.89,8.13,0.16,62.18,42.7,4.4,3.14,2.36,42.38,41.76,5.02,0.88,0.9,0.82,0.76,0.85,117.43,114.09,89.07,63.35,34.89,13.03,9.57,30.18,26.42,6.27,6.01,4.57,3.51,62.25,124.75
2025-09-11 17:59:17.212,72.59,21.87,5.5,1.52,1.45,1.51,0.83,0.82,0.79,82.88,1.32,2.1,0.05,8.64,8.13,-0.09,63.2,42.5,4.6,3.35,2.3,41.35,41.35,4.82,0.88,0.81,0.78,0.8,0.69,118.64,114.5,90.7,62.53,35.29,13.65,9.37,28.35,28.26,6.35,6.14,4.66,3.8,62.25,124.75
2025-09-11 17:59:17.461,73.41,21.87,5.29,1.44,1.45,1.68,1.0,1.15,1.2,83.7,1.73,2.51,-0.15,8.89,8.13,0.4,63.41,42.7,5.62,2.73,2.4,41.56,40.74,4.94,0.92,0.9,0.91,0.72,0.73,119.05,116.94,90.29,63.35,35.5,14.06,9.98,29.98,29.69,6.11,6.1,4.82,3.76,62.25,124.75
2025-09-11 17:59:17.739,75.86,22.68,6.92,2.01,2.02,1.92,1.57,1.15,1.2,83.29,1.32,1.69,-0.56,8.4,7.56,-0.33,60.75,41.27,3.18,1.1,2.42,39.3,38.9,4.45,0.63,0.57,0.58,0.47,0.44,117.02,110.42,87.03,60.89,33.46,12.01,8.35,25.49,22.54,5.38,5.61,4.41,3.43,62.25,124.75
2025-09-11 17:59:17.962,71.36,21.05,4.89,1.52,1.29,1.51,1.16,1.07,1.03,82.47,1.32,2.1,0.67,9.05,8.05,0.07,62.59,43.31,4.6,1.92,2.69,41.15,40.33,5.18,0.88,0.94,0.91,0.88,0.89,120.67,112.46,89.48,64.16,34.68,13.65,10.18,27.94,23.97,6.19,6.06,4.94,3.92,62.25,124.75
2025-09-11 17:59:18.212,70.55,20.65,4.69,1.2,1.04,1.27,1.08,0.74,0.79,81.65,1.11,1.69,0.26,9.13,8.21,0.07,61.16,42.09,3.79,1.51,2.89,40.94,40.12,5.27,0.72,0.65,0.7,0.84,0.64,118.64,110.01,90.7,62.53,35.5,14.46,10.39,28.14,23.76,6.11,6.06,4.94,3.76,62.25,124.75
2025-09-11 17:59:18.462,70.55,21.05,4.89,1.85,1.61,1.68,1.57,0.82,1.03,82.88,1.73,2.3,0.46,9.79,8.7,0.32,61.77,42.7,4.2,1.92,3.16,41.15,40.74,5.63,0.92,0.94,0.91,0.88,0.85,119.86,111.64,89.89,63.35,35.29,13.85,10.39,25.9,23.15,6.11,6.06,4.61,3.67,62.25,124.75
2025-09-11 17:59:18.712,70.96,20.85,5.09,1.93,1.86,1.68,1.24,1.07,0.71,80.43,1.93,2.91,0.46,9.95,8.7,0.07,61.57,42.7,4.2,2.53,3.34,41.97,40.12,5.79,0.84,0.81,0.87,0.76,0.69,119.86,105.12,89.89,64.57,35.7,14.46,11.0,26.72,24.38,6.27,6.14,4.86,3.8,62.25,124.75
2025-09-11 17:59:18.961,71.77,20.85,4.89,1.77,1.77,1.68,1.24,0.82,0.95,82.47,1.32,2.71,0.67,10.03,8.94,-0.09,61.77,41.68,3.59,2.73,3.42,41.97,39.92,5.96,0.8,0.81,0.82,0.72,0.73,120.26,107.16,89.07,64.98,35.9,14.67,10.79,24.27,25.4,6.11,6.14,4.61,3.72,62.25,124.75
2025-09-11 17:59:19.212,68.91,20.04,3.67,1.44,1.21,1.27,0.67,0.9,0.63,81.65,1.32,2.1,0.05,9.54,8.78,-0.01,61.36,42.29,2.36,1.92,3.5,40.53,41.96,6.08,0.72,0.77,0.78,0.72,0.73,118.24,119.79,91.11,65.39,36.51,14.67,10.79,24.67,24.38,6.44,5.97,4.61,3.72,62.25,124.75
2025-09-11 17:59:19.462,70.55,20.44,4.48,1.36,1.13,1.35,0.92,0.82,0.87,82.06,1.32,2.1,0.46,9.95,9.35,0.24,61.36,42.09,2.98,2.33,3.54,41.15,40.53,6.16,0.8,0.69,0.74,0.6,0.69,120.26,107.57,91.52,66.21,36.11,15.28,11.61,24.67,25.81,6.44,6.14,4.86,3.84,62.25,124.75
2025-09-11 17:59:19.711,70.14,20.44,4.48,1.04,1.13,1.19,1.0,0.99,1.03,82.88,0.91,1.89,0.26,10.36,9.19,-0.01,60.75,42.29,3.59,1.71,3.48,40.74,38.9,6.32,0.68,0.85,0.82,0.84,0.89,120.67,121.02,90.29,63.75,35.7,14.26,10.79,26.1,27.03,6.52,6.22,4.78,3.8,62.25,124.75
2025-09-11 17:59:19.970,69.73,19.43,3.67,0.88,0.4,0.78,0.59,0.5,0.55,78.79,-0.32,1.08,-0.15,10.11,8.78,-0.09,59.73,40.25,1.55,0.49,3.36,40.33,39.51,6.2,0.63,0.69,0.66,0.56,0.52,119.45,109.2,90.29,64.57,36.72,15.49,10.39,26.51,27.03,6.52,6.18,4.7,3.76,62.25,124.75
2025-09-11 17:59:20.211,69.73,19.83,4.08,0.88,0.56,0.86,0.51,0.66,0.71,80.84,0.7,1.28,0.26,10.11,9.19,-0.01,60.75,41.07,2.57,0.9,3.36,40.74,39.31,6.28,0.68,0.61,0.74,0.8,0.64,119.05,118.16,91.52,66.62,37.74,16.51,11.2,27.12,29.28,6.44,6.1,4.7,3.76,62.25,124.75
2025-09-11 17:59:20.462,72.18,20.65,4.48,1.2,0.88,1.1,1.08,0.66,0.79,81.25,1.32,2.1,0.87,10.52,9.11,0.16,60.75,40.25,2.98,1.31,3.42,41.35,39.51,6.36,0.8,0.81,0.74,0.68,0.6,120.67,112.46,94.37,67.85,38.96,17.73,11.0,28.96,30.1,6.52,6.42,4.86,3.67,62.25,124.75
2025-09-11 17:59:20.739,71.77,19.63,3.06,0.63,0.64,0.61,0.67,0.5,0.55,77.98,-0.32,0.67,-1.17,9.7,8.78,-0.17,59.12,40.04,1.96,0.69,3.24,39.51,38.28,6.2,0.59,0.61,0.58,0.51,0.56,118.64,115.31,93.15,67.85,39.77,18.35,9.98,25.9,29.28,6.35,6.14,4.66,3.59,62.25,124.75
2025-09-11 17:59:20.961,70.96,19.63,3.87,1.12,0.96,0.94,1.16,0.82,1.2,81.65,0.91,1.69,0.67,10.44,9.43,0.4,60.55,41.68,2.57,1.71,3.42,41.35,38.28,6.53,0.96,0.9,0.82,0.72,0.81,121.07,111.64,96.41,70.71,41.81,19.98,11.0,29.57,28.67,6.84,6.26,4.74,3.76,62.25,124.75
2025-09-11 17:59:21.212,69.73,18.81,2.45,1.04,0.8,0.94,0.92,0.74,0.87,80.02,0.5,1.08,-0.15,10.27,9.35,0.24,60.34,41.07,3.18,0.69,3.56,40.94,40.12,6.44,0.84,0.69,0.74,0.76,0.69,121.07,118.57,96.0,71.94,41.4,20.8,11.81,27.33,29.69,6.44,6.26,4.86,3.76,62.25,124.75
2025-09-11 17:59:21.462,71.77,19.63,4.08,1.2,0.96,1.27,1.08,0.99,1.03,81.25,1.32,2.1,0.26,10.6,9.51,0.24,60.55,42.7,3.99,2.94,3.83,41.56,39.92,6.89,0.84,0.85,0.78,0.76,0.85,121.07,122.24,97.23,71.12,41.81,21.21,12.63,28.35,29.28,6.6,6.18,4.78,3.76,62.25,124.75
2025-09-11 17:59:21.711,70.55,19.22,3.87,1.36,1.13,1.51,1.16,1.07,1.03,82.06,1.73,1.69,0.26,11.01,9.84,0.32,60.75,41.47,3.79,1.92,4.03,40.94,41.35,7.05,0.76,0.98,0.78,0.8,0.77,121.48,120.2,96.0,69.9,40.99,19.17,12.42,27.74,30.3,6.68,6.3,4.9,3.84,62.25,124.75
2025-09-11 17:59:21.962,70.55,19.43,3.87,1.28,1.29,1.51,1.32,1.07,1.03,80.43,1.52,2.3,0.67,11.33,9.84,0.24,61.57,41.68,4.6,1.92,4.42,41.56,39.92,7.42,0.88,0.98,0.91,0.84,0.85,121.07,112.46,94.37,67.44,39.57,18.55,13.64,28.35,29.69,6.68,6.22,4.9,3.76,62.25,124.75
2025-09-11 17:59:22.212,68.91,18.81,2.65,1.28,1.13,1.43,0.92,0.99,0.95,80.43,1.11,2.1,0.46,11.42,10.08,0.16,60.95,41.27,3.38,1.1,4.64,40.94,39.72,7.66,0.92,0.81,0.82,0.72,0.6,121.07,114.09,93.15,66.21,38.35,17.33,13.44,28.96,29.08,6.44,6.3,4.82,3.76,62.25,124.75
2025-09-11 17:59:22.461,70.55,19.43,3.87,1.28,1.45,1.51,1.16,1.07,1.03,82.88,1.11,2.71,1.07,11.99,10.33,0.24,61.16,42.5,2.98,2.33,4.75,41.35,39.31,7.91,0.8,0.98,0.91,0.72,0.64,120.26,116.53,93.15,67.03,38.14,17.33,13.24,30.59,30.3,6.92,6.38,4.7,3.76,62.25,124.75
2025-09-11 17:59:22.712,70.96,19.63,3.67,1.69,1.45,1.43,1.08,1.15,0.95,82.06,1.93,2.51,1.07,12.23,10.57,0.24,61.16,42.29,3.38,2.53,4.93,40.53,39.92,8.23,0.92,0.73,0.91,0.76,0.69,121.48,115.31,93.15,67.03,37.94,16.1,13.64,30.39,32.55,7.01,6.58,4.82,3.72,62.25,124.75
2025-09-11 17:59:22.962,70.96,19.43,3.87,1.44,1.45,1.76,1.16,1.07,1.2,81.25,1.52,2.51,0.26,12.48,10.49,0.32,60.34,41.68,2.77,2.12,5.01,41.15,40.74,8.44,0.92,0.81,0.82,0.84,0.77,121.48,116.53,91.93,66.62,36.51,15.69,13.24,29.98,31.12,6.92,6.63,4.66,3.72,62.25,124.75
2025-09-11 17:59:23.211,69.32,18.61,3.26,1.36,1.29,1.43,1.16,0.82,0.87,79.61,1.52,1.89,0.05,12.31,10.33,-0.01,59.52,41.07,2.98,1.71,4.81,40.94,39.31,8.27,0.88,0.85,0.87,0.8,0.77,122.29,111.64,90.7,64.16,35.5,15.49,12.42,29.16,26.42,7.09,6.75,4.78,3.72,62.25,124.75
2025-09-11 17:59:23.462,70.55,19.83,3.87,1.69,1.69,1.68,1.32,1.07,1.11,80.43,2.34,2.71,0.05,12.23,10.65,0.24,61.16,42.29,3.79,2.53,4.46,40.53,39.72,8.31,0.88,0.9,0.95,0.88,0.89,120.26,119.79,91.11,64.98,35.5,14.87,12.22,29.98,27.03,7.33,6.95,4.78,3.8,62.25,124.75
2025-09-11 17:59:23.742,70.96,19.22,3.26,1.44,1.37,1.51,0.67,0.66,0.55,77.98,0.91,1.28,-0.56,11.09,9.92,-0.58,59.93,40.45,1.96,1.1,4.05,40.74,39.31,7.46,0.47,0.69,0.62,0.43,0.48,119.45,105.94,87.85,61.3,33.87,13.24,11.2,28.55,25.6,6.92,6.63,4.61,3.63,62.25,124.75
2025-09-11 17:59:23.961,71.36,19.63,3.87,2.01,1.86,1.92,1.32,1.23,1.2,81.25,1.73,2.91,0.46,11.33,10.0,0.32,61.57,42.29,4.2,2.53,3.91,41.35,40.53,7.38,0.96,0.77,0.95,0.8,0.69,120.26,112.05,91.52,63.75,34.48,13.85,11.4,29.78,27.65,7.01,6.58,4.78,3.67,62.25,124.75
2025-09-11 17:59:24.212,69.73,19.02,3.47,1.61,1.53,1.35,1.0,0.66,0.87,80.43,0.91,2.1,0.05,10.85,9.76,-0.01,59.73,41.68,2.77,1.71,3.58,40.94,39.72,6.81,0.68,0.85,0.74,0.56,0.6,120.67,106.35,90.29,63.75,35.29,13.85,11.2,28.76,28.06,7.01,6.58,4.66,3.84,62.25,124.75
2025-09-11 17:59:24.462,70.14,19.43,3.87,1.77,1.69,1.59,0.92,0.99,1.11,81.25,1.93,2.71,0.87,10.44,9.59,0.4,60.34,42.09,3.59,2.12,3.5,40.74,40.12,6.73,0.84,0.81,0.78,0.96,0.77,120.67,107.57,90.7,63.35,36.11,14.26,11.4,29.57,27.65,7.01,6.54,4.66,3.59,62.25,124.75
2025-09-11 17:59:24.712,71.36,19.63,3.47,1.69,1.45,1.43,1.24,1.15,1.11,81.25,1.73,2.71,0.87,10.44,9.43,0.32,60.75,41.68,3.79,2.12,3.3,41.15,41.15,6.32,0.8,0.85,0.87,0.84,0.73,121.48,111.24,90.29,64.98,34.48,13.85,11.2,30.39,26.42,6.84,6.46,4.74,3.67,62.25,124.75
2025-09-11 17:59:24.962,70.14,19.43,3.67,1.61,1.37,1.35,1.0,1.07,1.03,81.65,1.52,2.71,0.87,10.36,9.27,0.32,60.34,41.88,3.59,2.53,3.22,40.94,39.1,6.24,1.0,0.85,0.78,0.72,0.6,121.48,113.68,90.29,64.98,34.89,14.67,11.0,28.14,27.85,6.68,6.42,4.74,3.76,62.25,124.75
2025-09-11 17:59:25.219,66.46,17.8,3.06,1.44,1.37,1.35,1.0,0.66,0.63,79.2,1.11,1.69,-0.35,9.7,9.19,0.64,62.18,43.52,4.6,4.77,3.32,41.97,41.76,6.08,0.8,0.85,0.74,0.6,0.56,119.05,109.61,86.62,62.12,34.89,12.83,9.37,27.53,25.19,6.03,6.14,4.49,3.51,62.25,124.75
2025-09-11 17:59:25.470,68.5,18.61,3.06,1.52,1.21,1.35,1.0,0.74,0.79,79.2,1.11,1.28,-1.17,9.38,8.46,-0.25,59.52,40.66,2.16,1.31,3.03,40.12,38.49,5.83,0.92,1.06,1.11,1.08,1.13,125.53,119.79,93.96,66.21,37.13,15.28,10.59,27.12,27.65,5.7,6.01,4.53,3.43,62.25,124.75
2025-09-11 17:59:25.790,69.32,19.02,3.47,1.28,1.04,1.27,1.0,0.5,0.71,80.84,0.5,1.28,-0.35,9.62,8.37,0.07,61.16,42.09,2.77,1.92,3.18,40.94,40.74,5.79,0.76,0.77,0.87,0.76,0.77,119.45,115.31,90.29,66.62,35.9,14.87,10.18,28.14,27.85,6.19,6.01,4.57,3.59,62.25,124.75
2025-09-11 17:59:25.961,69.73,19.02,3.47,1.52,1.29,1.43,1.32,1.07,1.28,81.65,1.93,2.1,0.26,9.95,8.7,0.16,61.16,42.29,2.77,2.12,3.28,41.35,39.1,5.96,0.96,0.77,0.91,0.84,0.81,119.86,120.61,91.93,64.57,36.72,15.49,10.79,26.31,24.99,6.27,6.06,4.66,3.59,62.25,124.75
2025-09-11 17:59:26.212,70.14,18.81,3.47,1.44,1.13,1.27,1.16,0.9,1.11,81.25,1.52,1.89,0.67,10.03,9.11,0.32,61.36,41.88,3.38,1.51,3.26,41.15,42.99,5.83,0.8,0.85,0.82,0.72,0.73,121.48,110.42,91.52,65.39,36.31,15.49,10.79,29.16,27.24,6.35,6.22,4.66,3.8,62.25,124.75
2025-09-11 17:59:26.462,69.73,18.41,3.47,1.61,1.45,1.43,1.4,1.15,0.79,82.06,0.91,2.1,0.46,10.03,8.94,0.32,60.95,41.47,3.79,1.51,3.26,41.76,40.12,6.08,0.8,0.9,0.82,0.72,0.64,121.48,115.31,90.7,65.39,34.89,14.67,10.39,29.98,26.42,6.44,6.3,4.74,3.67,62.25,124.75
2025-09-11 17:59:26.711,70.55,19.22,4.08,1.69,1.53,1.84,1.24,0.99,0.87,82.06,1.73,1.49,0.67,9.95,9.11,0.16,60.34,41.27,2.98,1.71,3.22,41.56,41.96,6.08,0.84,0.69,0.82,0.76,0.77,121.07,105.53,90.7,66.62,37.13,15.69,10.79,28.55,28.46,6.52,6.34,4.82,3.88,62.25,124.75
2025-09-11 17:59:26.962,70.96,19.63,4.08,1.85,1.61,1.59,1.0,0.9,0.95,80.84,2.13,2.51,0.46,10.19,9.02,0.24,60.55,41.47,2.77,2.33,3.32,41.97,41.56,6.24,0.92,0.81,0.87,0.84,0.73,121.48,118.98,91.93,67.85,37.53,16.92,10.18,28.76,29.28,6.6,6.3,4.74,3.8,62.25,124.75
2025-09-11 17:59:27.212,70.14,19.02,3.26,1.44,1.45,1.19,1.16,0.9,0.71,80.43,1.11,1.69,-0.15,10.11,9.11,0.16,60.14,40.86,2.98,2.12,3.28,41.56,40.33,6.08,0.76,0.81,0.78,0.68,0.56,120.26,110.42,91.52,67.44,37.74,15.89,10.18,28.76,25.81,6.44,6.38,4.7,3.76,62.25,124.75
2025-09-11 17:59:27.461,71.77,19.63,4.08,1.77,1.45,1.43,1.08,0.9,1.11,82.47,1.52,1.89,0.46,10.36,9.11,0.16,61.36,42.09,3.79,2.12,3.3,42.58,40.33,6.32,0.72,0.9,0.82,0.64,0.77,121.89,118.57,92.33,66.21,37.13,16.1,11.0,29.78,28.26,6.6,6.38,4.57,3.76,62.25,124.75
2025-09-11 17:59:27.741,71.77,19.22,3.26,1.2,0.8,1.1,0.83,0.58,0.63,79.2,0.09,0.87,-0.56,9.87,8.46,-0.5,60.75,41.47,2.36,0.9,3.22,40.53,38.49,5.87,0.59,0.53,0.58,0.64,0.48,120.26,110.42,89.07,62.94,35.7,14.26,9.78,27.74,27.03,6.19,6.1,4.53,3.63,62.25,124.75
2025-09-11 17:59:27.962,72.18,19.83,3.67,1.52,1.37,1.59,1.32,0.99,1.11,82.06,1.73,2.71,0.26,10.36,8.94,0.16,60.14,41.68,3.59,2.12,3.58,42.38,40.53,6.28,0.88,0.85,0.91,0.8,0.77,121.07,114.9,92.33,64.57,36.51,15.49,11.0,28.96,27.44,6.44,6.1,4.61,3.59,62.25,124.75
2025-09-11 17:59:28.212,70.14,19.83,3.47,1.36,1.21,1.35,1.32,0.99,1.11,81.65,1.52,1.89,0.87,10.44,9.27,0.24,60.75,41.88,2.36,2.73,3.73,41.97,40.33,6.4,0.88,0.85,0.87,0.84,0.77,120.67,111.64,92.33,66.21,38.55,16.3,11.0,29.37,26.62,6.35,6.18,4.82,3.76,62.25,124.75
2025-09-11 17:59:28.462,71.36,19.83,3.47,1.44,1.37,1.43,1.24,1.15,1.11,82.06,1.52,2.3,0.87,10.27,8.94,0.16,61.36,41.88,2.36,2.73,3.6,41.76,38.9,6.44,0.92,0.9,0.87,0.96,0.81,121.48,117.35,92.33,68.26,38.14,16.92,11.2,29.16,26.42,6.27,6.14,4.57,3.59,62.25,124.75
2025-09-11 17:59:28.739,70.55,19.83,3.26,1.28,1.21,1.35,1.08,0.66,0.71,80.43,0.5,0.87,-0.76,9.87,8.7,-0.25,61.16,41.47,2.57,1.1,3.38,40.74,38.28,6.16,0.59,0.61,0.7,0.64,0.52,119.45,123.87,91.52,66.62,37.33,16.1,10.39,28.14,25.4,6.03,6.01,4.41,3.47,62.25,124.75
2025-09-11 17:59:28.962,72.59,20.44,4.08,2.01,1.94,2.08,1.4,1.23,1.28,83.29,2.34,2.1,0.67,10.44,9.11,0.4,63.2,43.31,5.42,3.14,3.52,41.97,40.33,6.53,0.88,0.98,0.99,0.92,0.77,121.89,118.16,93.96,69.08,37.94,16.3,11.61,28.96,26.22,6.44,6.18,4.7,3.63,62.25,124.75
2025-09-11 17:59:29.212,72.18,20.04,3.87,1.93,1.94,1.68,1.4,1.07,1.2,82.88,1.93,2.51,0.46,10.68,9.27,0.32,62.79,43.31,3.99,3.14,3.64,41.56,39.92,6.57,0.96,1.02,0.91,0.84,0.81,124.32,121.02,92.33,67.03,37.53,15.89,11.61,26.51,27.85,6.68,6.26,4.7,3.67,62.25,124.75
2025-09-11 17:59:29.462,73.41,20.24,4.08,1.69,1.61,1.76,1.4,1.23,1.03,83.29,1.93,2.3,0.46,10.6,9.19,0.32,63.82,44.13,4.6,2.53,3.62,41.35,39.72,6.57,0.88,0.9,0.91,0.72,0.85,123.51,125.09,92.33,66.21,37.74,15.28,11.61,27.12,28.26,6.68,6.18,4.61,3.63,62.25,124.75
2025-09-11 17:59:29.711,72.59,20.44,4.28,1.52,1.37,1.43,0.92,0.82,1.2,83.7,1.93,2.3,0.46,10.6,9.35,0.32,63.0,43.52,4.81,2.73,3.5,41.15,41.56,6.69,0.88,0.81,0.82,0.8,0.81,123.1,117.76,91.93,64.98,36.51,15.49,11.2,27.94,29.08,6.6,6.38,4.74,3.8,62.25,124.75
2025-09-11 17:59:29.962,73.0,20.65,4.28,1.2,1.13,1.35,1.0,1.07,1.11,83.7,1.73,2.3,0.87,10.44,9.35,0.32,62.39,43.52,3.79,1.92,3.67,41.76,39.72,6.61,0.84,0.9,0.87,0.84,0.93,122.29,117.76,91.93,65.8,36.72,14.87,11.81,28.96,29.08,6.6,6.26,4.7,3.67,62.25,124.75
2025-09-11 17:59:30.212,70.14,19.83,3.47,1.2,0.96,1.1,1.08,0.5,0.71,81.25,1.11,1.89,0.46,10.52,8.94,0.24,61.57,42.29,4.2,1.71,3.77,41.15,38.69,6.53,0.96,0.9,0.87,0.72,0.77,122.7,110.42,92.33,65.39,37.94,15.28,10.79,29.98,28.67,6.44,6.18,4.7,3.63,62.25,124.75
2025-09-11 17:59:30.461,70.96,20.44,3.06,1.52,1.37,1.51,1.24,1.15,1.2,82.06,1.93,2.3,0.46,10.6,9.27,0.32,61.98,42.09,4.2,1.92,3.83,41.15,39.72,6.77,0.96,0.94,0.95,0.92,0.73,122.29,118.57,93.56,68.26,37.94,16.92,11.4,30.8,27.65,6.35,6.14,4.61,3.59,62.25,124.75
2025-09-11 17:59:30.742,70.14,19.43,3.26,0.88,0.88,1.19,0.51,0.58,0.63,79.61,0.3,0.87,-1.17,10.27,8.94,-0.33,60.75,41.47,2.57,1.1,3.83,39.71,36.85,6.48,0.63,0.65,0.74,0.64,0.6,121.07,114.9,91.93,64.57,36.92,15.49,10.59,29.98,23.56,6.03,5.89,4.49,3.51,62.25,124.75
2025-09-11 17:59:30.969,71.36,19.22,3.47,1.36,1.13,1.27,1.16,0.9,0.87,81.65,0.91,1.89,-0.15,10.36,9.43,0.16,60.95,42.29,2.77,1.71,3.93,40.94,38.49,6.73,0.84,0.81,0.78,0.88,0.77,122.7,116.94,92.33,67.44,37.94,16.3,11.4,31.0,29.69,6.44,6.14,4.57,3.51,62.25,124.75
2025-09-11 17:59:31.220,70.55,18.81,3.06,1.36,1.29,1.35,1.0,0.82,0.87,80.02,1.11,1.69,-0.15,10.27,9.19,0.07,60.95,41.27,2.98,1.51,3.99,40.94,38.28,6.77,0.88,0.81,0.78,0.8,0.64,122.7,118.98,92.74,67.03,38.96,17.53,11.4,31.0,29.08,6.35,6.1,4.45,3.55,62.25,124.75
2025-09-11 17:59:31.470,71.77,19.83,3.87,1.77,1.37,1.51,1.24,1.07,0.87,81.25,1.11,1.49,-0.15,10.27,9.19,-0.33,59.93,41.47,3.18,1.51,3.97,40.12,39.51,6.61,0.8,0.73,0.7,0.68,0.56,121.89,117.35,94.37,69.08,40.59,19.17,11.2,30.18,27.44,6.35,6.06,4.66,3.67,62.25,124.75
2025-09-11 17:59:31.718,70.96,19.83,3.47,1.69,1.29,1.35,1.08,0.9,1.03,81.25,1.32,1.89,-0.15,10.85,9.59,0.16,59.52,40.66,2.57,2.53,4.05,40.74,39.92,6.81,0.84,0.77,0.78,0.76,0.64,123.1,116.13,93.56,68.26,39.57,19.17,12.22,29.37,27.85,6.35,6.22,4.74,3.8,62.25,124.75
2025-09-11 17:59:31.962,70.55,20.04,3.47,1.61,1.61,1.68,1.49,1.07,1.11,81.25,1.73,2.51,0.67,11.17,9.68,0.24,60.55,41.88,3.18,2.33,4.11,41.56,39.1,7.01,0.88,0.9,0.87,0.72,0.89,123.51,116.94,94.78,67.44,39.37,18.35,12.42,30.59,29.69,6.68,6.26,4.82,3.76,62.25,124.75
2025-09-11 17:59:32.211,71.77,19.83,3.26,1.52,1.45,1.43,1.32,1.07,1.03,81.65,1.52,2.51,0.67,11.17,9.59,-0.01,60.75,42.09,3.18,2.12,4.09,41.76,39.31,7.05,0.88,0.81,0.78,0.76,0.69,122.7,114.09,92.74,68.26,39.98,18.14,13.03,33.24,30.71,6.6,6.46,5.02,3.84,62.25,124.75
2025-09-11 17:59:32.462,69.32,18.61,2.45,1.36,1.13,1.35,0.83,0.66,0.55,79.61,1.11,1.89,0.05,11.01,9.35,0.16,60.55,41.07,2.98,1.92,3.99,41.15,38.28,6.93,0.84,0.81,0.82,0.64,0.64,124.72,116.94,93.15,66.62,39.57,17.73,12.42,30.8,29.08,6.6,6.22,4.53,3.63,62.25,124.75
2025-09-11 17:59:32.744,68.09,17.59,1.64,0.55,0.64,0.78,0.51,0.17,0.38,78.39,-0.52,0.26,-1.17,10.03,8.46,-0.66,60.14,42.09,2.98,1.1,4.07,39.92,36.85,6.81,0.59,0.73,0.62,0.72,0.64,121.48,121.02,91.52,65.8,38.75,17.53,10.79,29.98,28.06,6.03,5.97,4.37,3.35,62.25,124.75
2025-09-11 17:59:32.961,72.18,18.0,2.65,1.28,0.8,1.19,1.0,0.9,0.71,81.25,1.32,2.1,0.26,11.09,9.11,0.07,60.95,42.7,3.18,1.1,4.34,41.15,39.1,7.05,0.72,0.81,0.74,0.56,0.77,122.7,125.09,96.82,72.76,42.83,20.8,14.66,31.41,31.12,6.92,6.58,5.06,4.04,62.25,124.75
2025-09-11 17:59:33.212,70.96,18.61,2.65,1.44,1.21,1.35,1.08,0.99,0.95,81.25,1.93,2.3,-0.15,11.33,9.43,0.07,61.16,42.7,3.18,1.51,4.52,40.94,39.72,7.42,0.76,0.81,0.74,0.76,0.64,124.32,110.01,94.37,69.9,40.99,20.8,14.05,34.06,30.3,6.84,6.58,5.06,4.21,62.25,124.75
2025-09-11 17:59:33.462,71.36,19.22,3.06,1.85,1.69,1.59,1.24,1.15,1.03,82.06,2.13,1.69,0.05,11.5,9.68,0.24,61.57,41.88,3.79,2.12,4.42,41.15,39.1,7.58,0.84,0.81,0.87,0.96,0.93,123.91,123.87,95.19,69.49,40.79,20.19,12.83,29.78,26.42,6.76,6.3,4.53,3.67,62.25,124.75
2025-09-11 17:59:33.750,70.14,19.22,2.45,1.44,1.29,1.43,0.92,0.66,0.63,79.61,1.11,1.49,0.05,11.01,9.92,-0.17,59.93,41.27,2.98,1.1,4.26,40.12,38.49,7.3,0.63,0.57,0.62,0.56,0.56,119.86,106.35,91.11,66.62,39.16,18.14,12.01,29.98,28.06,6.44,6.3,4.66,3.55,62.25,124.75
2025-09-11 17:59:33.962,69.73,19.63,2.86,1.69,1.53,1.59,1.4,0.99,1.03,81.25,1.52,2.51,0.46,11.58,9.92,0.32,60.95,42.09,4.4,2.53,4.24,41.76,41.96,7.46,0.88,0.9,0.82,0.88,0.77,123.51,114.9,95.19,68.26,39.77,18.55,12.22,32.43,27.85,6.52,6.34,4.7,3.67,62.25,124.75
2025-09-11 17:59:34.212,70.14,19.02,2.86,1.77,1.61,1.59,1.32,0.99,1.03,80.02,1.52,2.51,0.67,11.5,9.76,-0.01,60.55,40.86,3.38,1.71,4.5,41.56,40.33,7.62,0.84,0.77,0.87,0.8,0.64,124.32,121.42,94.37,68.26,39.16,17.73,13.03,29.37,28.46,6.76,6.42,4.82,3.76,62.25,124.75
2025-09-11 17:59:34.461,70.96,19.22,2.65,1.61,1.29,1.1,1.24,0.9,0.87,81.25,1.93,2.51,0.87,11.99,10.16,0.4,60.14,41.68,2.98,1.92,4.62,41.15,40.33,7.87,0.96,0.9,0.82,0.8,0.64,123.91,112.05,94.78,68.26,38.75,17.94,13.85,30.8,29.08,7.01,6.58,4.74,3.72,62.25,124.75
2025-09-11 17:59:34.715,73.82,19.63,3.26,1.52,1.61,1.76,1.4,1.15,1.2,81.25,1.32,1.69,0.05,11.58,9.84,0.16,61.36,42.7,3.59,1.51,4.6,41.15,40.33,7.99,0.76,0.85,0.78,0.72,0.77,124.72,119.79,93.96,67.44,39.57,18.14,12.42,28.76,27.65,6.52,6.3,4.53,3.51,62.25,124.75
2025-09-11 17:59:34.962,71.36,19.02,2.86,1.69,1.29,1.51,1.32,0.99,1.11,82.88,1.52,2.1,0.46,11.91,9.92,0.24,61.77,43.31,4.81,1.71,4.58,42.17,39.92,7.99,1.0,0.98,0.87,0.92,0.77,123.91,121.42,94.78,68.26,39.98,18.35,12.42,31.2,30.1,6.76,6.38,4.57,3.55,62.25,124.75
2025-09-11 17:59:35.211,70.55,18.61,2.86,1.77,1.45,1.51,1.4,1.15,1.28,84.11,1.73,2.71,0.67,11.33,10.08,0.16,64.22,44.34,5.83,2.94,4.66,42.58,41.76,7.79,1.0,1.02,0.95,0.88,0.85,124.32,121.42,94.37,68.26,39.37,18.14,12.42,30.59,28.46,6.76,6.14,4.53,3.59,62.25,124.75
2025-09-11 17:59:35.462,72.18,18.41,3.26,1.61,1.69,1.68,1.49,1.15,1.28,85.33,1.32,2.3,1.07,11.66,9.92,0.16,64.43,45.56,6.64,3.14,4.77,42.38,39.92,7.91,0.96,0.98,0.95,0.92,0.93,124.72,123.05,93.56,68.67,38.14,17.53,12.83,31.41,29.08,6.44,6.26,4.57,3.43,62.25,124.75
2025-09-11 17:59:35.715,75.45,20.04,4.48,2.09,2.02,1.92,1.57,1.31,1.11,82.88,1.52,2.3,0.46,11.42,9.76,0.16,63.61,44.54,5.62,2.73,4.71,41.97,37.87,7.87,0.96,0.85,0.91,0.92,0.77,124.32,125.5,91.52,67.03,38.14,16.1,12.01,28.96,28.46,6.35,5.97,4.41,3.35,62.25,124.75
2025-09-11 17:59:35.961,73.0,18.61,3.67,2.09,2.02,2.08,1.65,1.39,1.2,86.56,2.34,2.71,0.87,11.74,10.0,0.24,65.65,46.18,7.25,3.14,4.75,41.97,38.49,7.79,1.08,1.1,1.07,0.96,0.93,124.32,121.83,93.15,66.62,37.33,16.1,13.24,31.41,29.69,6.76,6.22,4.41,3.59,62.25,124.75
2025-09-11 17:59:36.212,73.0,19.02,2.86,2.01,1.69,1.84,1.4,1.15,1.11,84.92,1.93,2.91,0.67,11.66,10.0,0.4,65.25,46.58,6.64,2.53,4.66,41.15,38.49,7.83,1.0,0.94,0.99,0.88,0.93,125.94,125.91,90.7,65.8,37.33,16.3,12.83,31.61,30.71,6.44,6.06,4.37,3.51,62.25,124.75
2025-09-11 17:59:36.462,73.82,19.22,3.26,1.85,1.77,1.76,1.4,1.07,1.2,86.15,1.73,2.91,0.87,11.58,10.57,0.4,64.63,44.95,5.62,3.14,4.66,41.76,39.1,7.75,1.04,1.02,1.03,0.92,0.85,124.72,121.83,92.33,64.98,36.51,16.3,12.83,29.57,30.3,6.76,6.3,4.61,3.63,62.25,124.75
2025-09-11 17:59:36.711,73.82,20.04,3.06,1.77,1.45,1.68,1.4,0.99,1.2,84.92,1.93,2.51,0.26,11.82,10.25,0.32,63.61,43.31,5.42,2.73,4.62,41.97,39.51,7.99,0.92,0.77,0.91,0.84,0.77,125.13,115.72,92.74,67.03,37.53,16.1,13.03,31.0,29.08,6.84,6.42,4.66,3.72,62.25,124.75
2025-09-11 17:59:36.967,72.59,20.04,2.86,1.61,1.37,1.43,0.92,0.9,1.03,82.47,1.52,1.89,0.26,11.74,10.33,-0.09,63.0,42.91,3.99,2.12,4.38,40.94,37.87,7.83,0.92,0.81,0.87,0.72,0.77,124.32,112.46,90.7,64.98,36.11,16.1,11.81,29.98,27.65,7.09,6.58,4.78,3.67,62.25,124.75
2025-09-11 17:59:37.220,73.0,20.24,3.47,1.61,1.61,1.68,1.49,1.15,1.03,83.29,1.52,2.3,0.46,11.66,10.08,0.07,62.59,42.7,2.98,2.12,4.52,41.15,38.49,7.7,0.88,0.98,0.87,0.76,0.81,123.1,109.61,91.11,65.39,36.72,15.49,11.61,29.16,27.65,6.84,6.42,4.57,3.55,62.25,124.75
2025-09-11 17:59:37.468,71.77,19.63,3.06,1.61,1.53,1.19,1.24,0.82,0.95,82.06,1.11,1.89,0.05,11.58,10.08,0.16,62.18,42.29,2.57,1.71,4.44,40.94,38.49,7.7,0.8,0.77,0.74,0.72,0.64,122.29,110.42,91.93,65.8,36.92,15.89,12.22,30.59,29.69,6.76,6.3,4.7,3.67,62.25,124.75
2025-09-11 17:59:37.729,70.55,20.04,3.47,1.52,1.13,1.27,0.83,0.82,0.63,80.84,0.91,1.69,-0.15,11.33,9.84,-0.09,60.95,42.29,2.98,1.71,4.5,42.17,38.9,7.66,0.84,0.77,0.87,0.84,0.81,123.51,112.05,92.33,68.67,38.35,16.3,12.63,30.39,31.12,6.68,6.42,4.66,3.59,62.25,124.75
2025-09-11 17:59:37.968,70.55,19.22,2.65,1.52,1.29,1.51,1.0,0.9,0.79,81.65,1.11,1.49,0.26,11.42,9.84,-0.09,60.95,41.68,2.98,1.31,4.26,40.74,39.31,7.58,0.84,0.77,0.74,0.6,0.64,123.1,108.38,92.74,65.39,38.96,17.33,11.61,30.8,28.87,6.84,6.58,4.57,3.59,62.25,124.75
2025-09-11 17:59:38.220,72.59,20.04,3.67,1.69,1.53,1.59,1.24,0.9,1.03,82.47,1.52,2.1,-0.35,11.01,9.35,-0.25,61.57,42.09,2.98,1.1,4.03,39.71,38.9,7.38,0.72,0.73,0.74,0.72,0.56,121.48,118.98,91.52,65.39,36.11,16.51,11.4,30.59,30.1,6.6,6.14,4.33,3.51,62.25,124.75
2025-09-11 17:59:38.468,73.41,20.24,3.87,1.85,1.69,1.68,1.16,0.82,0.95,82.88,1.11,1.69,0.05,11.09,9.43,-0.01,61.98,43.31,3.38,1.51,4.01,40.94,39.72,7.22,0.8,0.77,0.74,0.72,0.56,122.29,117.76,91.11,64.57,35.9,15.89,11.81,32.22,29.69,6.52,6.26,4.66,3.59,62.25,124.75
2025-09-11 17:59:38.720,71.36,20.24,3.26,2.01,1.61,1.76,1.24,1.07,1.11,83.7,1.73,2.51,0.46,10.85,9.35,-0.17,62.39,42.91,3.59,1.1,4.01,40.33,38.28,7.05,0.88,0.77,0.74,0.72,0.64,121.89,118.16,92.74,67.44,36.72,16.71,11.0,29.37,28.26,6.52,6.01,4.41,3.47,62.25,124.75
2025-09-11 17:59:38.966,72.59,19.43,3.06,1.93,1.37,1.76,1.32,0.82,0.95,82.88,1.93,2.71,0.67,11.09,9.68,-0.01,63.2,43.11,4.6,2.33,4.05,40.74,37.67,7.09,0.96,0.9,0.82,0.76,0.77,122.7,121.02,93.56,67.85,37.53,17.53,12.01,31.41,28.06,6.6,6.22,4.53,3.59,62.25,124.75
2025-09-11 17:59:39.219,72.18,20.85,3.87,1.77,1.77,1.76,1.4,0.66,0.95,83.29,1.11,2.1,-0.56,10.85,9.84,0.07,63.0,42.91,4.2,1.31,3.87,40.94,39.72,7.14,0.8,0.69,0.74,0.68,0.73,123.1,118.16,92.33,66.21,37.13,16.51,11.81,29.78,26.22,6.84,6.38,4.61,3.55,62.25,124.75
2025-09-11 17:59:39.470,73.0,20.65,4.08,1.85,1.69,1.92,1.32,1.15,1.03,83.7,1.73,2.51,0.46,10.93,9.68,0.07,62.59,43.11,3.99,2.53,3.81,40.94,38.9,7.18,0.92,0.81,0.87,0.8,0.73,121.89,118.57,92.74,65.39,38.55,16.51,11.4,25.69,22.94,6.84,6.46,4.61,3.63,62.25,124.75
2025-09-11 17:59:39.718,73.41,20.24,4.28,2.01,1.77,2.0,1.57,0.99,0.95,82.06,1.93,2.1,-0.35,11.01,9.19,-0.01,61.98,42.5,4.2,1.71,3.73,40.12,39.31,6.97,0.84,0.81,0.74,0.76,0.64,121.89,122.65,91.93,65.39,37.53,16.1,12.01,26.72,24.58,6.6,6.46,4.49,3.59,62.25,124.75
2025-09-11 17:59:39.969,73.0,20.44,3.87,2.17,2.1,1.92,1.4,1.07,0.87,81.65,2.13,2.3,-0.15,11.01,9.59,0.07,61.36,42.09,3.59,1.51,3.79,40.53,39.51,6.81,0.72,0.73,0.74,0.64,0.64,122.7,105.94,91.93,67.03,37.13,15.69,12.42,26.31,23.35,6.68,6.34,4.53,3.67,62.25,124.75
2025-09-11 17:59:40.219,79.13,22.07,5.09,2.26,2.02,1.92,1.08,0.5,0.71,80.02,0.91,1.49,-0.35,10.36,9.02,-0.33,59.93,41.27,2.98,1.1,3.79,40.33,38.08,6.89,0.51,0.65,0.62,0.51,0.64,121.07,105.12,90.7,64.57,36.51,15.89,10.79,27.94,23.97,6.44,6.06,4.41,3.47,62.25,124.75
2025-09-11 17:59:40.470,72.18,19.63,3.67,1.69,1.61,1.51,1.08,0.74,0.87,80.43,1.32,2.1,0.05,10.85,9.51,0.07,60.14,41.07,2.98,1.92,3.89,40.74,39.31,7.09,1.0,1.18,1.23,1.17,1.34,128.37,118.57,97.63,70.71,38.75,17.12,11.81,29.57,26.83,6.44,6.26,4.61,3.59,62.25,124.75
2025-09-11 17:59:40.727,72.59,20.44,3.67,1.36,1.53,1.51,1.08,1.07,1.03,79.61,0.91,1.69,-0.35,10.52,9.19,-0.17,60.34,41.07,2.98,2.12,3.95,41.15,38.9,7.05,0.92,0.85,0.78,0.64,0.69,123.51,105.53,93.15,67.03,37.74,16.92,11.61,27.94,26.01,6.44,6.22,4.57,3.59,62.25,124.75
2025-09-11 17:59:40.969,70.55,19.43,3.67,1.44,1.04,1.35,1.0,0.66,0.79,79.61,1.32,1.49,0.26,10.6,9.59,-0.01,60.14,40.86,2.36,1.31,3.87,40.74,39.1,6.97,0.76,0.9,0.78,0.8,0.77,121.48,108.38,93.96,66.21,37.33,15.89,11.4,27.94,23.97,6.84,6.38,4.7,3.67,62.25,124.75
2025-09-11 17:59:41.220,70.96,20.04,3.06,1.36,0.96,1.1,1.0,0.82,1.03,80.84,0.91,1.28,0.05,10.68,9.59,0.16,60.34,41.88,2.57,1.51,3.77,40.53,39.51,6.93,0.84,0.77,0.74,0.56,0.73,122.29,115.72,91.93,63.75,36.11,15.08,11.2,29.98,26.42,6.76,6.3,4.7,3.67,62.25,124.75
2025-09-11 17:59:41.470,72.18,20.24,3.06,1.28,1.04,1.1,1.08,0.9,1.03,81.25,1.32,1.49,0.46,10.85,9.51,0.16,60.55,41.47,2.36,1.1,3.67,40.53,39.72,6.77,0.84,0.77,0.78,0.8,0.73,121.07,106.35,91.93,66.21,37.33,15.69,11.61,29.98,26.01,6.68,6.3,4.61,3.72,62.25,124.75
2025-09-11 17:59:41.720,71.77,19.83,3.26,1.28,1.04,1.27,1.0,0.99,0.95,80.02,0.91,1.49,-0.15,10.44,8.94,-0.25,60.55,40.86,2.57,1.1,3.81,39.51,38.9,6.81,0.76,0.73,0.7,0.68,0.69,121.48,112.05,91.93,64.57,37.33,15.89,11.0,28.55,27.03,6.19,6.1,4.41,3.55,62.25,124.75
2025-09-11 17:59:41.968,71.36,19.63,2.45,1.36,1.04,1.1,0.92,0.74,0.87,80.43,0.91,1.28,0.46,10.76,9.51,0.24,61.36,42.09,2.98,1.92,4.07,40.74,39.92,6.93,0.84,0.81,0.78,0.72,0.77,123.1,118.16,92.74,69.08,37.74,17.33,11.61,28.96,28.46,6.35,6.18,4.7,3.72,62.25,124.75
2025-09-11 17:59:42.220,70.14,19.02,2.45,1.2,0.96,0.86,0.83,0.82,0.79,80.43,1.11,0.47,-0.15,10.52,9.19,-0.42,59.93,40.66,2.16,0.69,3.95,39.71,38.28,7.05,0.63,0.69,0.62,0.76,0.44,121.07,118.98,92.74,65.39,37.74,15.89,11.4,29.78,32.14,6.6,6.26,4.66,3.55,62.25,124.75
2025-09-11 17:59:42.469,71.36,18.61,2.86,1.28,1.29,0.94,1.08,0.99,1.03,81.65,1.93,1.89,0.87,11.25,9.76,0.4,60.34,41.47,3.59,2.12,3.91,41.56,38.69,7.01,0.96,0.85,0.95,0.84,0.81,122.29,111.24,92.74,67.85,38.14,16.71,12.22,28.35,27.65,6.76,6.38,4.7,3.76,62.25,124.75
2025-09-11 17:59:42.723,70.96,18.0,2.86,1.28,1.21,1.35,1.0,0.9,0.87,81.65,0.91,1.49,-0.56,10.68,9.11,-0.17,60.75,42.29,3.18,1.31,3.87,40.53,38.49,7.01,0.96,0.81,0.78,0.8,0.81,122.7,123.87,91.11,65.39,37.74,16.3,11.4,26.92,26.01,6.52,6.06,4.49,3.51,62.25,124.75
2025-09-11 17:59:42.970,72.59,19.02,3.47,1.61,1.29,1.59,1.32,1.07,1.2,83.7,1.32,2.1,0.46,10.6,9.59,0.32,62.18,43.31,3.99,1.92,4.15,40.12,38.49,6.89,0.76,0.81,0.74,0.64,0.6,121.07,115.72,91.52,63.75,37.33,15.08,11.4,26.72,24.78,6.03,6.14,4.49,3.51,62.25,124.75
2025-09-11 17:59:43.220,71.36,18.2,3.06,1.69,1.53,1.51,1.32,0.9,1.11,82.06,1.11,0.87,-0.96,10.6,9.27,-0.33,61.57,42.09,3.79,1.92,4.09,39.92,37.87,6.93,0.63,0.65,0.66,0.68,0.56,121.89,118.57,90.7,63.75,36.92,15.28,11.4,26.51,24.78,6.27,6.14,4.41,3.55,62.25,124.75
2025-09-11 17:59:43.470,72.18,19.22,3.06,1.93,1.77,1.68,1.24,0.82,1.11,82.06,1.32,1.89,-0.15,10.76,9.35,-0.42,60.14,42.5,3.18,1.31,3.95,39.71,38.28,6.89,0.68,0.69,0.7,0.6,0.6,120.67,115.31,90.7,64.16,36.72,14.87,11.4,26.1,24.58,6.44,6.22,4.57,3.55,62.25,124.75
2025-09-11 17:59:43.719,71.77,19.63,2.86,1.61,1.61,1.76,1.32,0.99,1.03,81.65,1.73,2.1,0.26,10.93,9.43,-0.17,60.75,41.88,3.18,1.51,3.93,40.12,38.28,7.01,0.76,0.77,0.7,0.64,0.6,122.7,110.01,91.52,64.16,37.13,15.49,11.2,26.72,24.38,6.52,6.18,4.61,3.55,62.25,124.75
2025-09-11 17:59:43.970,70.96,20.24,3.67,2.01,1.77,1.76,1.4,1.07,1.03,81.25,1.32,1.69,-1.17,10.6,9.11,-0.58,60.55,41.68,3.18,1.71,3.93,39.71,39.72,6.93,0.63,0.81,0.66,0.68,0.64,120.67,115.72,89.89,64.16,36.72,14.87,11.2,25.9,24.17,6.35,6.1,4.49,3.67,62.25,124.75
2025-09-11 17:59:44.220,71.36,19.43,3.47,1.69,1.29,1.51,1.32,1.07,0.95,81.25,1.73,2.3,0.46,10.93,9.51,0.07,61.16,42.29,3.79,1.92,4.07,41.15,40.12,7.01,0.8,0.77,0.82,0.8,0.64,123.1,114.5,90.7,64.98,37.53,15.69,12.63,26.72,26.42,6.52,6.3,4.66,3.51,62.25,124.75
2025-09-11 17:59:44.469,70.96,20.24,3.26,1.77,1.61,1.19,1.16,0.99,1.2,82.88,1.73,2.51,0.26,11.33,9.59,0.4,61.77,43.11,3.99,2.53,4.09,40.33,40.12,7.34,0.88,0.94,0.87,0.8,0.77,123.51,112.87,92.33,66.62,38.14,15.49,11.81,26.51,26.01,6.68,6.46,4.66,3.72,62.25,124.75
2025-09-11 17:59:44.718,71.77,19.02,3.06,1.52,1.37,1.35,1.08,0.66,0.79,81.65,1.73,1.28,0.26,10.93,9.51,0.07,60.95,41.68,3.38,1.31,3.75,40.94,39.51,7.22,0.8,0.77,0.74,0.68,0.6,122.7,101.05,91.52,66.21,37.33,15.49,11.81,26.1,25.4,6.84,6.63,4.66,3.72,62.25,124.75
2025-09-11 17:59:44.971,72.59,19.22,2.86,1.44,1.04,1.27,0.83,0.58,0.79,78.79,0.7,1.08,-0.15,10.76,9.19,-0.09,60.55,40.86,2.77,0.9,3.64,40.33,39.51,7.01,0.63,0.65,0.62,0.56,0.6,121.07,110.42,91.11,65.8,37.33,15.69,11.4,25.9,26.22,6.76,6.38,4.49,3.51,62.25,124.75
2025-09-11 17:59:45.219,70.14,18.2,1.84,1.12,1.04,1.1,0.75,0.74,0.95,82.06,1.32,1.69,-0.15,10.76,9.11,0.24,61.98,42.5,3.38,2.53,3.79,41.15,38.49,7.01,0.88,0.9,0.87,0.8,0.81,121.89,111.24,95.6,68.67,39.98,17.12,11.81,28.76,30.92,6.76,6.14,4.78,3.55,62.25,124.75
2025-09-11 17:59:45.466,68.09,18.2,2.45,1.36,1.21,1.43,0.67,0.99,0.95,82.06,1.73,2.1,0.87,10.85,9.35,0.24,61.77,41.68,2.16,1.92,3.87,41.35,40.33,6.93,0.92,0.94,0.82,0.8,0.64,122.7,110.42,93.96,67.85,38.96,17.12,12.01,28.14,30.71,6.52,6.26,4.66,3.67,62.25,124.75
2025-09-11 17:59:45.716,70.55,18.41,1.64,1.12,1.37,1.43,1.16,0.99,1.11,81.25,1.11,2.1,0.26,10.76,9.35,-0.01,60.55,40.86,2.36,1.1,3.85,40.53,40.12,6.89,0.63,0.77,0.74,0.6,0.73,122.7,116.53,92.74,67.03,38.75,16.92,11.4,31.61,32.14,6.35,6.34,4.61,3.63,62.25,124.75
2025-09-11 17:59:45.968,69.73,18.2,2.25,1.36,1.13,1.27,0.92,0.74,0.63,80.02,0.5,1.28,-0.15,10.76,9.02,-0.01,59.12,40.25,1.96,0.9,3.81,40.53,39.51,6.85,0.76,0.65,0.66,0.6,0.64,121.48,108.79,93.15,66.62,39.57,17.12,11.2,28.35,28.87,6.52,6.42,4.66,3.59,62.25,124.75
2025-09-11 17:59:46.220,70.96,18.61,2.25,1.52,1.37,1.59,1.24,1.15,1.11,80.84,1.11,1.89,0.46,10.76,9.35,0.16,60.34,40.25,2.77,0.69,3.89,40.74,40.12,6.97,0.84,0.77,0.74,0.76,0.69,121.48,114.09,92.33,67.03,38.35,16.51,11.61,30.39,28.06,6.6,6.3,4.61,3.59,62.25,124.75
2025-09-11 17:59:46.470,71.77,19.02,2.86,1.28,1.04,1.27,0.75,0.9,0.87,82.06,0.91,1.28,-0.56,10.52,9.02,-0.17,60.75,41.88,2.77,0.9,3.75,40.53,39.1,6.69,0.68,0.73,0.62,0.56,0.52,121.89,116.13,93.56,64.57,38.55,16.51,11.2,28.96,28.67,6.44,6.22,4.57,3.67,62.25,124.75
2025-09-11 17:59:46.867,70.14,18.81,2.25,1.2,1.13,1.1,0.92,0.82,0.71,81.65,0.91,1.89,-0.35,10.36,9.11,0.24,61.16,42.09,3.18,1.31,3.75,40.12,39.92,6.65,0.47,0.45,0.5,0.47,0.48,121.07,116.13,90.29,63.75,37.94,16.1,10.59,28.35,27.65,5.78,5.97,4.37,3.27,62.25,124.75
2025-09-11 17:59:46.989,69.73,18.41,2.04,1.28,0.96,1.19,0.83,0.5,0.63,79.2,0.09,0.67,-0.96,10.52,9.02,-0.25,61.16,42.09,3.79,1.31,3.85,41.76,40.12,6.85,0.92,0.94,0.87,0.88,0.69,123.1,124.28,93.15,68.26,38.55,18.35,11.81,29.37,29.69,6.76,6.18,4.61,3.63,62.25,124.75
2025-09-11 17:59:47.212,71.77,20.04,3.26,1.77,1.53,1.68,1.32,1.15,1.11,81.65,1.52,2.51,0.87,11.09,9.68,0.24,62.39,43.72,4.6,2.33,4.03,41.35,40.12,7.05,1.0,1.1,0.95,0.88,0.89,122.29,115.72,94.78,68.26,39.57,18.14,12.63,31.41,30.1,6.35,6.22,4.61,3.59,62.25,124.75
2025-09-11 17:59:47.461,72.18,19.83,2.86,1.61,1.45,1.51,1.32,1.15,1.11,82.06,1.93,2.71,0.67,10.85,9.35,0.24,61.98,43.31,3.59,2.12,4.07,41.76,41.35,7.05,0.84,0.94,0.91,0.8,0.77,125.53,114.9,93.96,68.26,38.75,18.76,12.42,29.57,28.06,6.52,6.26,4.57,3.67,62.25,124.75
2025-09-11 17:59:47.739,71.36,19.02,2.04,1.36,1.29,1.27,1.0,0.74,0.71,80.43,0.09,1.28,-0.35,10.6,9.02,-0.25,60.14,41.07,2.36,1.1,3.99,40.74,40.53,6.97,0.76,0.77,0.7,0.68,0.52,121.07,114.9,92.74,67.03,38.75,17.12,11.0,28.76,25.4,6.27,6.06,4.45,3.43,62.25,124.75
2025-09-11 17:59:47.962,69.32,19.02,2.25,1.44,1.37,1.51,1.0,0.74,0.63,80.43,1.32,2.1,-0.35,10.76,9.02,-0.01,61.36,42.5,3.38,1.92,4.11,41.35,40.12,6.97,0.8,0.81,0.78,0.76,0.64,123.51,118.98,93.96,68.26,39.98,18.35,11.61,30.59,27.03,6.44,6.06,4.57,3.59,62.25,124.75
2025-09-11 17:59:48.212,73.0,21.05,5.09,2.5,2.26,2.25,1.97,1.96,1.36,84.51,2.75,2.71,0.87,11.25,9.68,0.07,61.16,41.27,3.18,0.9,4.38,41.15,38.9,7.22,0.8,0.69,0.7,0.68,0.64,122.29,115.72,93.96,68.26,39.98,18.96,12.22,31.0,27.85,6.44,6.06,4.53,3.72,62.25,124.75
2025-09-11 17:59:48.462,73.0,20.04,3.26,2.01,1.69,1.84,1.32,1.07,1.11,81.25,2.34,2.3,0.67,11.5,9.84,0.32,61.77,42.09,2.98,2.53,4.58,41.56,41.96,7.5,0.88,0.77,0.87,0.84,0.69,124.32,120.61,97.23,69.9,40.99,19.57,13.03,29.37,27.24,6.35,6.22,4.49,3.63,62.25,124.75
2025-09-11 17:59:48.739,70.55,19.22,2.65,1.2,1.29,1.02,0.92,0.66,0.71,80.02,0.5,1.28,-0.56,11.33,9.27,-0.17,60.34,41.07,2.16,0.9,4.69,40.74,38.28,7.58,0.55,0.73,0.62,0.56,0.52,121.07,118.57,93.56,69.08,40.18,19.78,12.42,29.57,29.08,6.6,6.3,4.57,3.51,62.25,124.75
2025-09-11 17:59:48.961,68.91,18.61,1.64,1.12,1.04,1.02,0.67,0.58,0.63,80.84,1.93,2.51,0.46,12.15,10.08,0.24,61.77,42.5,3.38,2.33,4.89,42.17,40.12,8.07,1.0,0.81,0.78,0.8,0.52,123.51,121.02,96.41,70.71,41.2,21.21,13.64,29.16,30.92,6.68,6.46,4.78,3.72,62.25,124.75
2025-09-11 17:59:49.212,70.96,18.81,2.04,0.96,1.04,1.1,0.75,0.82,0.63,80.43,0.7,1.49,-0.76,12.07,9.84,-0.25,61.36,42.29,3.18,1.71,4.95,40.33,38.9,8.19,0.8,0.77,0.78,0.72,0.81,123.51,117.35,96.41,69.9,41.61,21.01,13.64,28.96,29.9,6.76,6.38,4.66,3.59,62.25,124.75
2025-09-11 17:59:49.462,70.14,18.81,2.86,1.36,1.21,1.51,1.16,0.99,1.11,81.25,1.73,1.49,0.87,11.99,9.84,0.32,62.18,42.7,4.2,2.12,4.99,41.56,39.51,8.19,0.84,0.85,0.87,0.76,0.77,123.91,117.35,96.0,71.94,41.81,21.21,13.64,29.37,29.9,7.17,6.42,4.61,3.72,62.25,124.75
2025-09-11 17:59:49.711,70.96,19.02,2.25,1.2,1.29,1.43,1.0,0.99,0.87,82.47,1.73,2.3,0.46,12.07,10.08,0.24,61.57,42.09,4.2,1.71,5.19,41.15,39.1,8.44,0.96,0.85,0.82,0.76,0.81,124.32,121.83,97.63,71.12,42.22,22.03,14.25,27.74,27.44,6.76,6.54,4.49,3.76,62.25,124.75
2025-09-11 17:59:49.962,70.55,19.22,3.06,1.44,1.53,1.59,1.32,1.07,1.03,81.65,1.73,2.51,0.46,12.23,10.49,0.16,61.16,41.88,3.18,1.92,5.28,40.94,40.74,8.68,0.76,0.9,0.87,0.76,0.73,125.94,118.16,97.23,71.12,42.01,21.21,14.25,29.98,26.22,6.84,6.38,4.66,3.72,62.25,124.75
2025-09-11 17:59:50.212,70.96,19.22,3.06,1.69,1.45,1.68,1.32,0.9,0.95,82.47,1.93,2.3,0.46,12.48,10.57,0.24,61.98,42.29,3.99,2.73,5.24,41.15,39.72,8.84,0.8,0.81,0.78,0.76,0.64,123.91,121.83,96.41,69.49,40.59,20.19,14.25,29.78,29.08,7.01,6.58,4.74,3.67,62.25,124.75
2025-09-11 17:59:50.462,71.77,19.43,3.26,1.61,1.69,1.68,1.32,1.07,1.2,81.65,1.93,2.71,0.67,12.72,10.57,0.24,61.98,41.68,2.98,1.71,5.19,41.35,41.96,8.84,1.08,0.94,1.03,0.76,0.85,125.13,114.09,96.0,70.3,40.59,19.78,13.85,29.37,30.1,7.09,6.63,4.7,3.72,62.25,124.75
2025-09-11 17:59:50.712,70.14,19.63,2.86,1.36,1.37,1.43,1.0,0.99,0.95,80.02,0.91,2.91,1.07,12.72,10.65,0.48,61.77,42.7,2.57,1.92,5.22,40.94,39.31,8.64,0.84,0.85,0.78,0.72,0.64,123.91,117.35,95.19,69.49,39.57,18.55,13.64,30.59,32.76,6.84,6.5,4.74,3.88,62.25,124.75
2025-09-11 17:59:50.962,71.36,19.22,3.06,1.44,1.21,1.43,0.92,0.82,1.2,82.47,1.93,1.28,0.87,12.56,10.57,0.24,61.36,41.88,2.77,2.73,5.48,41.97,40.33,8.76,0.96,0.81,0.91,0.84,0.81,126.34,114.9,96.82,68.67,40.59,19.17,13.85,28.55,29.69,7.01,6.38,4.7,3.72,62.25,124.75
2025-09-11 17:59:51.211,70.96,19.22,2.86,1.44,1.45,1.1,1.16,1.15,1.03,80.84,1.11,1.89,0.67,12.72,10.98,0.07,60.75,41.47,2.57,1.71,5.44,40.74,40.74,8.72,0.84,0.9,0.82,0.84,0.77,123.91,118.98,95.19,69.08,41.61,19.78,14.05,31.2,28.67,6.92,6.54,4.57,3.63,62.25,124.75
2025-09-11 17:59:51.462,71.36,19.43,3.26,1.36,1.13,1.27,1.32,0.9,0.95,82.06,1.52,2.3,0.87,12.88,11.22,0.24,60.95,41.68,2.77,1.92,5.3,42.17,40.74,8.84,1.04,0.94,0.91,0.8,0.77,123.51,116.13,96.41,70.3,41.4,20.39,13.44,31.61,30.92,7.25,6.71,4.94,3.72,62.25,124.75
2025-09-11 17:59:51.764,70.55,18.61,2.65,1.2,0.88,1.1,1.0,0.66,0.63,79.2,0.7,1.28,-0.35,12.23,10.33,-0.01,60.34,41.07,2.57,1.1,4.79,40.74,38.69,8.44,0.68,0.85,0.66,0.68,0.6,123.1,122.65,93.96,67.03,40.59,18.55,12.83,30.18,29.49,7.01,6.67,4.45,3.72,62.25,124.75
2025-09-11 17:59:51.961,71.77,19.43,2.86,1.85,1.61,1.76,1.24,1.07,1.11,82.47,1.52,2.71,0.87,12.39,10.65,0.16,61.57,42.29,3.38,2.53,4.93,41.76,40.12,8.56,0.92,0.81,0.82,0.88,0.73,123.91,119.39,95.19,70.3,39.37,19.17,14.46,28.35,28.67,7.09,6.75,4.66,3.63,62.25,124.75
2025-09-11 17:59:52.212,73.0,19.02,3.26,2.01,1.94,1.84,1.32,0.99,1.11,83.29,2.34,3.12,0.87,12.23,10.41,0.24,61.16,42.09,3.99,1.92,5.01,41.56,40.53,8.48,0.84,0.81,0.87,0.84,0.81,124.72,123.05,94.37,68.26,39.57,18.96,13.44,30.18,28.67,6.84,6.58,4.66,3.72,62.25,124.75
2025-09-11 17:59:52.462,72.59,19.43,3.47,1.85,1.61,1.59,1.24,1.07,0.87,82.47,1.93,2.91,0.67,12.31,10.33,0.32,60.55,41.27,3.79,2.33,4.97,41.15,41.15,8.27,0.92,0.94,0.95,0.8,0.85,124.72,118.57,94.78,68.67,39.98,19.17,13.64,31.61,28.26,7.25,6.38,4.7,3.63,62.25,124.75
2025-09-11 17:59:52.714,74.23,19.83,4.08,1.85,1.77,1.43,1.4,1.07,1.11,82.06,1.73,2.51,0.46,11.82,10.0,0.16,61.57,42.91,4.2,1.92,4.85,41.35,40.94,8.03,1.0,0.81,0.82,0.68,0.69,125.13,124.68,93.56,67.44,38.75,18.14,12.83,35.08,33.58,6.6,6.26,4.53,3.59,62.25,124.75
2025-09-11 17:59:52.962,72.18,20.24,4.28,2.09,2.1,2.08,1.73,1.64,1.76,84.51,2.34,3.12,2.09,12.56,10.57,0.64,63.0,42.7,4.81,2.12,5.11,40.94,41.35,8.19,0.84,0.81,0.87,0.76,0.64,124.32,116.94,93.15,65.39,37.74,16.3,12.83,33.65,31.94,6.35,6.22,4.37,3.63,62.25,124.75
2025-09-11 17:59:53.212,72.18,19.02,2.86,1.36,1.45,1.51,1.24,1.15,1.28,84.51,1.52,2.71,0.46,12.23,10.25,0.24,63.41,43.72,5.01,2.53,5.11,41.35,41.15,8.48,0.96,1.02,0.99,0.92,0.85,126.75,125.5,93.15,66.62,37.33,16.71,13.44,33.04,29.9,6.84,6.26,4.57,3.59,62.25,124.75
2025-09-11 17:59:53.461,72.59,18.81,2.86,1.52,1.45,1.68,1.32,0.99,0.79,82.88,1.52,2.51,0.26,12.23,10.41,0.4,62.79,43.31,3.38,3.14,5.01,41.35,41.35,8.44,0.96,1.02,0.91,0.88,0.77,125.94,121.02,93.96,69.49,37.53,17.53,13.44,31.2,27.44,7.17,6.3,4.61,3.51,62.25,124.75
2025-09-11 17:59:53.711,70.55,18.61,3.06,1.77,1.77,1.76,1.4,1.23,0.95,82.88,1.11,2.51,0.87,12.31,10.65,0.4,61.98,43.31,3.99,2.33,4.97,41.76,40.53,8.44,1.08,0.81,0.95,0.88,0.85,125.53,119.39,94.37,68.26,39.16,17.73,13.44,30.59,26.22,6.92,6.54,4.66,3.55,62.25,124.75
2025-09-11 17:59:53.962,70.55,19.02,3.47,2.09,2.02,1.51,1.32,1.15,1.11,81.65,1.93,2.51,0.46,12.15,10.73,0.16,61.98,43.31,4.81,2.53,4.87,41.76,40.33,8.15,0.88,0.81,0.78,0.8,0.77,125.94,113.27,93.96,68.67,40.59,18.55,12.83,31.0,27.85,6.76,6.46,4.57,3.59,62.25,124.75
2025-09-11 17:59:54.211,70.55,18.2,3.06,1.77,1.61,1.35,1.24,0.99,0.95,82.06,2.34,2.71,0.46,12.56,11.06,0.64,61.57,43.11,5.01,3.14,4.75,41.97,41.96,8.23,0.88,0.9,0.87,0.84,0.89,125.53,111.24,96.82,71.12,40.38,19.98,13.64,29.98,29.49,7.01,6.54,4.78,3.8,62.25,124.75
2025-09-11 17:59:54.462,70.14,18.61,3.26,1.93,1.77,1.59,1.49,1.07,1.36,82.47,2.13,2.71,0.67,12.23,10.25,0.24,61.16,42.5,3.99,1.92,4.79,41.56,39.92,8.4,0.88,0.94,0.82,0.96,0.85,125.13,116.94,95.6,70.71,41.2,20.39,13.64,31.61,28.26,7.25,6.46,4.53,3.63,62.25,124.75
2025-09-11 17:59:54.715,73.82,19.63,3.87,1.85,1.77,1.59,1.49,1.15,1.2,80.43,1.93,2.3,0.26,12.15,10.08,0.24,60.14,41.27,2.77,1.92,4.73,41.56,40.33,8.11,0.8,0.81,0.78,0.72,0.77,125.94,116.53,93.15,67.44,39.57,18.76,13.24,31.2,27.65,7.01,6.5,4.78,3.67,62.25,124.75
2025-09-11 17:59:54.962,70.55,18.81,3.26,1.36,1.29,1.35,1.32,0.9,1.03,80.84,1.93,2.51,0.87,12.39,10.33,0.24,60.14,41.27,3.38,1.51,4.99,41.76,40.94,8.23,0.88,0.85,0.87,0.8,0.89,124.32,109.61,96.0,69.9,39.57,17.73,14.05,30.18,25.4,7.09,6.54,4.74,3.8,62.25,124.75
2025-09-11 17:59:55.212,70.96,18.41,3.26,1.61,1.53,1.51,1.4,1.07,0.87,81.25,0.91,2.51,0.67,11.99,10.33,0.24,60.55,42.09,3.59,2.53,4.89,42.17,40.12,8.23,0.92,1.02,0.91,0.96,0.89,125.13,120.61,95.19,69.9,39.16,17.73,13.64,31.82,29.69,7.33,6.63,4.66,3.76,62.25,124.75
2025-09-11 17:59:55.462,70.55,18.81,3.06,1.44,1.29,1.51,1.08,0.9,1.03,80.84,1.32,2.71,1.07,12.39,11.06,1.05,63.2,44.13,5.01,4.57,4.97,42.99,43.6,8.4,1.12,1.18,0.95,0.88,0.85,126.75,108.79,93.96,68.26,37.74,17.12,13.03,31.82,29.08,6.76,6.46,4.61,3.51,62.25,124.75
2025-09-11 17:59:55.713,72.18,19.83,3.47,1.77,1.53,1.68,1.08,0.99,0.95,81.65,2.54,3.73,1.89,12.56,10.73,1.05,63.61,45.36,5.22,4.37,4.81,42.38,41.96,8.11,1.0,0.9,0.91,0.88,0.73,125.13,122.65,92.33,66.21,37.53,15.69,12.63,31.82,30.1,6.52,6.22,4.61,3.47,62.25,124.75
2025-09-11 17:59:55.962,72.18,19.83,2.86,1.77,1.29,1.19,0.92,0.82,1.03,83.29,1.52,2.3,-0.15,11.66,10.0,0.16,63.2,42.91,4.4,2.73,4.75,41.76,40.53,7.99,1.12,0.9,0.91,0.88,0.85,125.13,118.57,93.96,67.03,37.13,16.71,12.83,28.55,29.49,7.01,6.38,4.57,3.72,62.25,124.75
2025-09-11 17:59:56.212,73.41,19.63,2.65,1.61,1.53,1.68,1.24,0.82,1.03,83.29,1.93,2.51,0.26,11.74,10.33,0.24,63.82,44.54,5.22,2.73,4.64,41.56,41.96,7.99,1.04,0.94,0.95,0.92,0.93,125.13,123.46,92.74,65.8,36.92,16.3,12.83,28.55,28.26,7.01,6.38,4.61,3.55,62.25,124.75
2025-09-11 17:59:56.462,73.41,19.22,3.06,1.44,1.53,1.59,1.08,1.07,1.11,84.11,1.32,1.69,1.48,11.91,10.49,0.4,65.25,45.77,6.23,3.35,4.6,41.35,40.53,7.79,0.96,1.02,0.91,0.8,0.69,125.94,118.57,91.93,64.98,36.11,15.49,12.83,30.39,32.14,6.6,6.42,4.53,3.59,62.25,124.75
2025-09-11 17:59:56.711,73.82,19.43,3.06,1.61,1.29,1.51,1.32,0.99,0.95,84.11,1.52,2.1,0.67,11.5,9.84,0.24,63.82,44.95,6.44,2.12,4.46,41.15,40.74,7.75,0.92,0.9,0.91,0.8,0.85,124.32,119.79,91.11,64.16,36.31,14.67,12.22,28.76,32.96,6.76,6.42,4.41,3.59,62.25,124.75
2025-09-11 17:59:56.968,73.41,19.43,2.86,1.36,1.13,1.35,1.08,0.9,0.95,82.47,1.32,1.49,0.67,11.25,9.68,-0.01,61.98,43.11,5.83,2.33,4.4,40.94,39.1,7.54,0.8,0.81,0.78,0.72,0.69,125.13,115.31,90.7,62.53,35.5,14.26,11.2,29.78,29.69,6.44,6.14,4.49,3.51,62.25,124.75
2025-09-11 17:59:57.220,72.59,19.43,2.86,1.52,1.13,1.51,1.24,1.07,0.95,82.47,1.93,1.69,0.05,11.17,9.59,0.16,62.59,44.54,4.6,2.33,4.36,40.94,40.53,7.38,0.76,0.98,0.82,0.76,0.77,124.32,114.5,89.48,63.35,34.48,14.26,11.61,30.18,28.46,6.44,6.22,4.7,3.72,62.25,124.75
2025-09-11 17:59:57.517,70.14,19.02,2.25,1.36,1.04,1.19,0.75,0.9,0.87,82.88,1.32,2.1,0.05,11.09,10.0,0.4,63.41,43.52,5.22,2.94,4.26,41.97,40.12,7.58,1.0,1.1,1.11,1.04,0.93,126.75,120.61,91.93,65.8,36.11,14.87,12.22,34.88,31.12,6.84,6.34,4.66,3.59,62.25,124.75
2025-09-11 17:59:57.769,70.96,19.02,2.45,1.44,1.37,1.19,1.16,0.9,1.03,82.47,0.7,1.28,0.46,10.76,9.76,0.07,61.77,41.47,2.36,0.69,3.81,40.33,38.49,6.97,0.8,0.77,0.78,0.64,0.6,124.32,114.09,90.29,64.57,35.5,15.08,11.81,35.08,30.51,6.92,6.5,4.7,3.8,62.25,124.75
2025-09-11 17:59:57.961,72.18,19.02,3.06,1.69,1.29,1.43,1.08,0.99,1.11,83.29,1.93,2.3,0.67,10.76,9.68,0.4,63.0,43.11,3.99,1.92,3.87,40.74,38.69,7.09,1.12,0.94,0.91,0.76,0.85,124.72,116.13,91.52,64.98,35.29,15.49,11.61,34.88,32.35,6.44,6.46,4.61,3.59,62.25,124.75
2025-09-11 17:59:58.212,70.14,18.61,2.65,1.36,1.13,1.35,0.83,0.82,0.87,82.47,1.32,2.1,0.67,10.85,9.59,0.32,62.39,42.91,3.79,2.53,3.6,40.53,41.15,6.89,0.8,0.9,0.82,0.76,0.77,124.72,110.83,92.33,65.39,36.51,15.49,11.2,34.47,31.33,6.92,6.42,4.57,3.72,62.25,124.75
2025-09-11 17:59:58.463,70.55,18.41,2.45,1.85,1.45,1.43,1.65,1.39,1.44,85.74,2.54,2.71,0.87,10.68,9.68,0.32,61.77,42.5,4.4,2.12,3.5,41.56,40.74,6.65,0.76,0.77,0.87,0.76,0.64,125.13,107.16,89.89,64.98,36.72,14.46,11.0,32.63,30.51,6.6,6.3,4.66,3.72,62.25,124.75
2025-09-11 17:59:58.712,70.55,18.2,2.65,1.44,1.37,1.19,1.4,0.99,1.2,82.06,1.93,2.51,0.87,10.19,9.43,0.24,60.55,41.68,4.2,1.71,3.32,41.15,39.31,6.44,0.88,0.77,0.78,0.68,0.89,123.51,110.42,90.29,64.57,35.9,14.67,11.2,34.26,31.74,6.84,6.38,4.74,3.67,62.25,124.75
2025-09-11 17:59:58.962,70.96,18.81,2.86,1.61,1.69,1.68,1.32,0.9,1.11,83.29,1.73,2.71,0.67,10.36,9.11,0.4,60.95,42.09,4.6,1.92,3.4,41.35,39.72,6.2,0.92,0.85,0.91,0.92,0.77,123.91,114.5,91.52,65.8,36.92,14.87,10.79,33.45,30.51,6.76,6.3,4.66,3.72,62.25,124.75
2025-09-11 17:59:59.212,71.77,18.41,3.06,1.77,1.53,1.68,1.32,1.07,1.03,81.25,2.34,2.71,1.07,10.27,8.86,0.24,61.16,42.5,4.4,2.33,3.34,40.94,40.12,6.32,0.84,0.81,0.91,0.88,0.89,123.91,116.53,91.11,64.57,35.7,14.06,11.0,33.04,27.44,6.68,6.26,4.7,3.63,62.25,124.75
2025-09-11 17:59:59.461,70.55,19.43,3.26,1.77,1.61,1.59,1.24,1.07,0.95,82.06,1.32,2.51,0.46,9.79,8.86,0.24,61.16,41.68,3.79,2.33,3.4,40.94,40.53,6.28,0.92,0.94,0.87,0.84,0.77,125.53,116.53,91.11,67.03,36.72,14.87,10.59,33.45,30.1,6.35,6.1,4.66,3.59,62.25,124.75
2025-09-11 17:59:59.715,74.23,20.44,4.48,2.17,1.86,2.0,1.65,1.15,1.11,82.47,1.73,2.3,0.26,9.87,8.62,0.07,60.34,41.27,3.18,1.71,3.38,39.92,39.51,6.0,0.84,0.73,0.74,0.64,0.73,123.1,118.57,89.89,64.98,36.31,14.26,9.98,30.18,29.69,5.95,5.93,4.57,3.67,62.25,124.75
2025-09-11 17:59:59.962,72.18,19.43,3.47,1.69,1.61,1.76,1.24,1.15,1.2,82.47,1.93,2.71,0.87,10.19,9.02,0.32,61.36,42.09,3.79,3.35,3.44,41.15,39.51,6.28,0.88,0.85,0.82,0.8,0.81,124.72,114.09,91.11,64.16,35.9,15.28,10.79,31.2,29.69,6.11,6.1,4.7,3.59,62.25,124.75
2025-09-11 18:00:00.211,71.36,19.43,3.87,1.69,1.69,1.59,1.16,1.07,1.03,80.84,1.93,2.71,0.67,10.27,8.94,0.32,60.95,41.88,3.59,3.35,3.38,41.35,40.33,6.32,0.8,0.81,0.78,0.76,0.73,123.91,110.01,92.33,67.85,38.14,16.1,11.61,29.57,31.33,6.6,6.34,4.74,3.8,62.25,124.75
2025-09-11 18:00:00.462,70.96,19.43,3.26,1.61,1.53,1.43,1.32,1.07,1.03,81.25,1.93,2.51,0.87,10.11,9.19,0.4,60.34,41.07,3.18,2.33,3.56,41.76,40.74,6.57,0.8,0.9,0.95,0.88,0.77,123.1,110.83,93.15,66.21,37.53,16.3,11.81,31.61,33.37,6.27,6.18,4.82,3.67,62.25,124.75
2025-09-11 18:00:00.715,73.82,20.24,3.87,1.69,1.45,1.27,1.32,1.07,1.11,82.06,1.73,1.69,0.46,10.11,9.02,-0.01,59.52,40.66,2.98,1.31,3.46,40.74,39.31,6.32,0.96,0.98,0.95,0.84,0.77,122.7,116.13,91.52,66.21,38.14,16.3,11.2,30.39,29.69,6.03,6.14,4.57,3.59,62.25,124.75
2025-09-11 18:00:00.961,73.82,19.83,3.67,1.77,1.69,1.76,1.57,1.31,1.2,83.29,2.13,2.3,0.46,10.36,9.43,0.24,61.98,42.09,3.59,2.12,3.42,41.15,40.53,6.4,0.92,0.81,0.87,0.8,0.69,123.91,115.72,91.93,66.62,36.31,15.49,11.4,28.35,27.65,6.6,6.22,4.74,3.63,62.25,124.75
2025-09-11 18:00:01.212,70.55,19.02,2.86,1.77,1.69,1.76,1.65,1.31,0.95,82.88,1.93,2.51,0.87,10.44,8.86,0.48,62.59,42.5,3.79,2.12,3.64,41.76,39.31,6.4,0.92,0.81,0.87,0.88,0.81,125.53,121.42,92.74,67.85,36.92,16.51,11.0,29.16,24.17,6.52,6.1,4.53,3.63,62.25,124.75
2025-09-11 18:00:01.462,72.18,18.61,3.67,2.01,1.86,1.84,1.49,0.99,1.11,83.29,2.13,2.71,0.46,10.52,9.19,0.32,62.39,42.29,3.79,2.73,3.71,40.94,40.53,6.61,0.88,0.81,0.82,0.8,0.64,123.91,117.76,93.56,65.8,38.14,17.12,11.61,27.94,25.4,6.52,6.26,4.74,3.63,62.25,124.75
2025-09-11 18:00:01.715,73.82,20.04,4.48,2.42,2.34,2.08,1.49,1.15,1.11,81.65,2.34,2.3,-0.15,10.52,9.11,0.16,61.77,42.09,2.98,2.12,3.73,40.74,40.53,6.57,0.72,0.81,0.78,0.72,0.6,123.51,123.05,91.11,65.39,37.13,15.08,11.2,25.69,23.15,6.35,6.1,4.45,3.43,62.25,124.75
2025-09-11 18:00:01.962,70.96,19.43,3.47,2.09,1.86,1.68,1.4,1.15,1.11,82.06,1.52,2.71,0.67,10.76,9.43,0.24,61.57,42.5,3.79,2.12,3.81,41.97,41.96,6.89,0.96,0.94,0.82,0.8,0.85,123.51,117.76,92.74,66.21,37.94,16.3,11.4,26.31,25.81,6.84,6.26,4.61,3.63,62.25,124.75
2025-09-11 18:00:02.212,70.96,19.63,4.08,2.09,1.69,1.76,1.4,1.15,1.11,82.88,2.34,2.71,0.87,10.85,9.59,0.24,61.57,42.7,3.38,2.73,3.81,41.97,41.76,6.85,0.88,0.98,0.87,0.88,0.73,123.91,122.24,93.96,66.21,37.74,17.33,11.81,26.92,26.62,6.68,6.22,4.61,3.51,62.25,124.75
2025-09-11 18:00:02.461,71.77,20.04,3.67,1.77,1.69,1.19,0.92,1.07,0.95,82.47,2.13,2.3,0.46,10.76,9.59,0.32,61.77,42.09,3.59,2.53,3.81,41.35,43.19,6.89,0.92,0.69,0.87,0.72,0.77,124.72,110.01,95.19,69.08,39.57,18.55,11.2,27.74,27.03,6.68,6.22,4.61,3.63,62.25,124.75
2025-09-11 18:00:02.718,73.0,20.44,3.06,1.36,1.21,0.94,0.92,0.74,0.71,79.61,0.7,0.67,-0.56,10.19,8.86,-0.09,60.34,40.86,2.36,1.1,3.69,41.35,40.53,6.69,0.76,0.73,0.66,0.68,0.64,123.51,118.57,92.33,65.8,38.75,16.71,10.59,27.33,28.67,6.35,6.22,4.57,3.55,62.25,124.75
2025-09-11 18:00:02.967,72.59,20.24,3.26,1.2,1.29,1.35,0.92,0.9,0.87,83.7,3.15,4.14,2.7,11.58,9.68,0.48,62.79,42.7,4.81,2.53,3.81,40.94,40.53,6.89,0.84,0.81,0.78,0.56,0.81,123.1,114.9,92.74,64.98,37.94,16.51,11.0,26.92,25.81,6.27,5.93,4.45,3.43,62.25,124.75
2025-09-11 18:00:03.220,72.59,19.22,2.45,1.04,0.96,1.19,0.92,0.82,0.87,82.47,0.7,1.28,-0.56,10.52,8.54,-0.25,63.2,44.54,4.2,2.12,3.97,41.35,39.92,6.73,0.72,0.77,0.82,0.72,0.77,122.7,123.46,91.11,65.8,37.94,16.92,11.81,27.74,25.4,6.19,6.01,4.57,3.55,62.25,124.75
2025-09-11 18:00:03.470,72.18,19.02,3.06,1.28,1.21,1.35,1.24,1.07,1.03,83.29,1.32,1.89,0.26,10.6,9.11,-0.25,63.61,43.93,6.03,1.92,4.01,41.35,40.12,6.89,0.88,0.85,0.82,0.68,0.6,123.91,115.72,90.7,66.21,37.53,16.3,11.81,26.72,24.78,6.44,5.97,4.49,3.51,62.25,124.75
2025-09-11 18:00:03.830,73.0,19.43,3.47,1.77,1.53,1.76,1.08,0.9,0.87,83.7,1.52,2.3,0.05,10.68,8.94,-0.25,64.63,44.74,6.44,2.73,4.22,41.56,40.74,7.01,0.92,0.85,0.91,0.64,0.85,124.32,127.94,91.93,64.98,36.72,15.69,11.61,26.72,24.99,6.03,5.81,4.12,3.18,62.25,124.75
2025-09-11 18:00:03.963,73.82,20.04,3.67,1.61,1.69,1.59,1.24,0.9,0.95,83.29,1.11,1.49,-0.15,10.52,8.78,-0.42,63.41,43.52,5.83,1.92,4.09,39.51,39.92,6.81,0.88,0.77,0.74,0.68,0.64,122.7,120.61,89.07,62.94,35.5,14.06,10.39,27.12,25.19,5.62,5.73,4.21,3.31,62.25,124.75
2025-09-11 18:00:04.212,73.41,20.65,3.47,1.85,1.61,1.68,1.24,1.07,1.11,86.15,1.73,1.69,0.26,11.01,9.68,0.24,64.63,45.36,7.45,3.75,4.36,41.56,41.96,7.42,0.88,1.06,0.91,0.88,0.69,126.75,124.68,92.33,64.98,36.72,16.71,12.63,27.12,28.26,6.27,5.85,4.49,3.55,62.25,124.75
2025-09-11 18:00:04.462,74.64,20.65,3.47,1.44,1.29,1.76,1.0,1.07,1.2,84.92,1.32,1.89,0.67,11.17,10.0,0.24,64.43,44.74,6.23,2.33,4.32,41.35,39.92,7.34,0.88,0.9,0.82,0.68,0.64,123.1,119.79,92.33,66.62,36.92,16.71,11.61,27.94,28.87,6.19,5.97,4.41,3.43,62.25,124.75
2025-09-11 18:00:04.739,73.0,19.43,3.06,0.96,0.96,0.86,0.59,0.33,0.55,79.61,0.09,1.08,-0.56,10.85,9.68,-0.17,62.39,42.91,4.2,0.69,4.01,40.12,39.51,7.14,0.47,0.61,0.58,0.6,0.56,123.51,112.05,91.11,64.98,37.53,15.28,11.81,26.31,29.9,6.76,6.46,4.53,3.51,62.25,124.75
2025-09-11 18:00:04.962,72.18,19.43,3.47,1.44,1.13,1.19,1.08,1.07,1.2,83.29,1.73,2.1,0.67,11.33,10.0,0.24,62.79,43.93,5.62,2.73,4.13,40.53,39.31,7.34,0.92,0.94,0.95,0.84,0.77,125.94,118.16,92.74,64.57,37.74,15.89,12.22,27.74,27.65,6.92,6.46,4.74,3.63,62.25,124.75
2025-09-11 18:00:05.212,70.55,19.02,2.04,1.2,1.04,1.19,1.0,0.66,0.95,81.65,1.11,1.69,0.26,11.17,9.68,0.16,61.98,42.29,4.4,1.51,4.18,40.74,38.69,7.26,0.8,0.81,0.78,0.72,0.69,125.53,114.09,90.7,64.57,36.72,15.08,12.42,27.94,29.69,6.68,6.42,4.74,3.8,62.25,124.75
2025-09-11 18:00:05.462,72.18,19.83,3.26,1.2,1.21,1.43,0.92,1.15,1.28,83.29,1.52,2.3,0.26,11.5,10.08,0.4,62.59,43.31,4.2,2.12,4.36,40.94,39.51,7.34,0.96,0.85,0.91,0.84,0.85,124.72,119.39,90.29,64.16,36.72,14.06,12.42,30.18,30.3,6.6,6.18,4.66,3.59,62.25,124.75
2025-09-11 18:00:05.764,70.96,19.83,2.86,1.12,0.96,1.02,0.75,0.66,0.79,80.02,-0.32,0.47,-1.58,10.44,9.19,-0.42,59.12,41.07,2.16,0.29,4.03,39.71,37.26,6.85,0.63,0.69,0.66,0.76,0.77,124.72,113.68,91.52,64.98,37.74,15.28,11.61,31.61,29.08,6.52,6.14,4.66,3.55,62.25,124.75
2025-09-11 18:00:05.961,72.59,19.02,2.86,1.28,1.21,1.27,1.32,1.15,1.11,82.47,1.73,1.89,0.67,11.17,9.92,0.32,61.98,42.5,3.99,1.92,4.3,41.56,39.72,7.22,0.92,0.85,0.91,0.84,0.89,125.94,119.79,92.33,67.03,37.74,15.89,12.83,32.63,31.12,6.52,6.26,4.66,3.59,62.25,124.75
2025-09-11 18:00:06.212,73.82,19.63,3.47,1.44,1.45,1.35,1.16,1.07,1.36,84.11,1.73,2.51,0.87,11.17,9.84,0.24,63.41,43.93,4.4,1.92,4.26,41.15,40.33,7.3,0.72,0.85,0.82,0.76,0.73,125.13,120.2,91.93,66.62,37.74,15.69,11.81,32.84,31.94,6.35,6.3,4.61,3.59,62.25,124.75
2025-09-11 18:00:06.462,72.59,18.81,2.65,1.36,0.88,1.43,1.08,1.15,1.2,84.11,1.52,1.89,0.67,11.09,9.84,0.24,62.59,42.7,5.22,2.53,3.99,41.56,39.31,7.09,0.92,0.94,0.91,0.88,0.69,125.13,112.46,92.33,64.98,38.55,16.71,11.81,36.71,32.14,6.92,6.42,4.61,3.51,62.25,124.75
2025-09-11 18:00:06.711,72.18,19.43,2.86,1.61,1.21,1.51,1.32,1.15,1.11,84.51,2.13,2.51,0.46,10.93,9.59,0.4,63.2,43.11,5.42,2.53,3.77,41.35,40.12,6.85,0.88,0.94,0.87,0.72,0.85,125.94,113.68,93.96,66.62,37.33,16.3,11.61,35.69,31.12,6.84,6.42,4.78,3.63,62.25,124.75
2025-09-11 18:00:06.962,72.59,18.61,3.26,1.69,1.45,1.51,1.49,1.07,1.03,83.29,1.73,2.3,0.87,10.68,9.43,0.16,61.77,43.52,3.99,2.33,3.6,41.15,39.92,6.77,0.88,1.02,0.87,0.76,0.73,125.13,111.64,93.56,65.39,37.94,16.3,11.81,33.45,30.92,6.6,6.38,4.7,3.72,62.25,124.75
2025-09-11 18:00:07.212,70.96,19.63,3.26,1.85,1.61,1.76,1.4,1.07,1.11,83.29,1.32,2.51,0.87,10.6,9.19,0.24,62.18,42.5,3.79,2.53,3.62,40.94,40.74,6.77,0.76,0.81,0.87,0.72,0.77,124.32,122.65,91.52,64.98,35.5,16.1,11.81,31.41,33.99,6.52,6.34,4.61,3.55,62.25,124.75
2025-09-11 18:00:07.461,73.0,20.04,3.26,1.85,1.77,1.59,1.32,0.9,1.11,83.7,2.54,2.71,1.07,10.76,9.27,0.32,63.82,44.13,5.01,2.94,3.79,41.35,41.96,6.73,1.0,0.81,0.95,0.72,0.89,124.32,118.16,92.33,65.39,36.31,15.28,12.01,32.43,31.12,6.52,6.14,4.86,3.55,62.25,124.75
2025-09-11 18:00:07.738,72.18,18.41,2.86,1.44,1.04,1.1,0.75,0.66,0.38,81.25,0.7,0.87,-0.76,10.19,8.62,-0.17,61.77,42.09,3.59,1.31,3.69,39.51,38.69,6.57,0.63,0.65,0.66,0.56,0.6,122.29,107.57,89.07,62.94,35.09,14.06,11.2,29.98,28.87,6.03,6.01,4.45,3.39,62.25,124.75
2025-09-11 18:00:07.962,72.18,19.22,3.06,1.85,1.61,1.84,1.32,0.9,1.2,82.47,1.73,2.51,0.87,10.76,9.35,0.4,62.79,43.11,4.2,2.73,3.75,41.56,41.76,6.81,1.08,1.02,0.91,0.84,0.77,125.53,118.57,91.11,65.39,35.5,14.26,11.61,31.0,27.65,6.68,6.3,4.7,3.67,62.25,124.75
2025-09-11 18:00:08.211,70.55,18.61,2.65,1.77,1.45,1.59,1.0,0.99,0.87,81.25,1.11,2.51,0.46,10.76,9.35,0.07,62.18,42.09,2.98,2.33,3.71,40.94,40.53,6.69,0.8,0.85,0.7,0.76,0.77,124.72,105.12,90.29,63.35,36.11,14.26,11.61,29.37,26.62,6.35,6.18,4.74,3.59,62.25,124.75
2025-09-11 18:00:08.462,73.0,20.04,3.26,2.26,2.1,2.08,1.4,1.07,1.11,82.47,2.54,2.51,0.87,10.85,9.51,0.32,62.39,42.09,4.2,2.94,3.85,41.15,39.1,6.85,0.92,0.9,0.91,0.84,0.73,124.32,107.16,91.93,65.8,36.72,15.49,11.81,30.8,26.83,6.6,6.26,4.7,3.76,62.25,124.75
2025-09-11 18:00:08.768,72.18,19.63,3.06,1.61,1.69,1.76,1.08,0.82,0.87,82.06,1.32,2.3,-0.15,10.6,9.02,0.07,61.77,42.7,4.2,1.92,3.77,40.94,38.69,6.69,0.88,0.73,0.78,0.56,0.69,124.32,106.75,91.11,65.39,36.72,15.89,11.4,32.22,29.69,6.68,6.1,4.61,3.67,62.25,124.75
2025-09-11 18:00:08.962,72.59,20.04,3.47,1.85,1.61,1.59,1.24,1.07,1.28,82.06,1.93,2.71,0.67,10.85,9.35,0.24,61.98,42.7,3.99,2.12,3.71,41.56,40.74,6.89,0.84,0.85,0.91,0.72,0.64,124.72,108.79,91.93,66.21,37.33,16.1,11.61,32.02,27.03,6.68,6.3,4.78,3.72,62.25,124.75
2025-09-11 18:00:09.212,73.0,19.83,3.26,1.69,1.53,1.68,1.4,1.07,1.11,82.06,1.93,2.51,0.67,10.52,9.35,0.32,61.36,42.09,3.59,1.92,3.62,41.97,41.15,6.69,0.92,0.94,0.95,0.84,0.81,123.91,114.09,93.56,67.85,36.51,16.1,10.79,29.98,26.83,6.6,6.26,4.74,3.67,62.25,124.75
2025-09-11 18:00:09.462,70.55,19.63,3.06,1.52,1.45,1.51,1.16,1.07,1.11,82.06,1.52,2.51,1.07,10.6,9.43,0.32,61.57,42.09,2.98,1.71,3.58,40.94,39.31,6.53,0.8,0.85,0.87,0.76,0.81,123.91,116.94,92.74,68.67,37.33,15.49,11.81,31.2,26.42,6.52,6.3,4.74,3.76,62.25,124.75
2025-09-11 18:00:09.738,69.73,19.02,2.65,1.2,1.04,1.02,0.92,0.41,0.55,79.61,0.5,1.28,-0.56,10.27,8.62,-0.09,59.52,40.66,2.16,0.9,3.73,39.92,38.49,6.48,0.51,0.53,0.62,0.6,0.56,123.1,105.12,89.48,62.53,35.29,13.44,10.59,28.76,27.65,6.19,6.14,4.53,3.51,62.25,124.75
2025-09-11 18:00:09.962,71.77,19.43,3.87,1.77,1.53,1.84,1.24,1.07,1.03,81.65,1.93,2.71,0.87,10.6,9.19,0.24,60.95,41.27,2.77,1.92,3.93,41.76,39.72,6.69,0.92,1.02,0.82,0.76,0.69,124.32,110.83,92.33,66.62,36.72,15.89,11.4,31.2,26.42,6.19,6.06,4.7,3.67,62.25,124.75
2025-09-11 18:00:10.212,74.64,20.44,4.89,1.93,1.61,1.76,1.4,0.82,1.03,80.02,1.32,1.49,0.05,10.11,8.86,-0.09,59.52,39.84,1.14,1.71,3.73,40.33,39.72,6.28,0.59,0.81,0.58,0.56,0.56,122.29,108.38,91.93,65.39,37.94,17.33,10.39,29.57,28.06,5.78,5.85,4.45,3.47,62.25,124.75
2025-09-11 18:00:10.461,69.73,19.43,3.06,1.61,1.53,1.51,1.16,0.9,1.03,81.65,1.52,2.3,1.07,11.09,9.84,0.89,61.98,43.72,4.6,3.96,4.09,44.43,41.96,6.97,1.16,0.98,0.95,0.88,0.89,124.32,108.38,96.41,69.9,41.4,20.39,11.4,30.8,30.51,6.03,6.01,4.53,3.63,62.25,124.75
2025-09-11 18:00:10.738,69.73,18.2,2.45,1.2,1.04,1.1,0.83,0.58,0.47,78.39,0.3,1.28,-0.96,10.44,8.94,-0.09,59.32,40.04,1.96,1.1,3.99,39.92,38.69,6.65,0.72,0.65,0.62,0.68,0.52,121.07,115.31,95.19,70.3,41.61,20.39,11.4,26.1,26.62,5.95,5.81,4.29,3.43,62.25,124.75
2025-09-11 18:00:10.962,70.96,19.43,3.26,1.44,1.29,1.51,1.16,0.99,1.11,80.84,1.93,2.3,0.87,10.6,9.59,0.32,59.93,40.45,2.57,1.71,3.99,41.56,39.51,6.93,0.84,0.81,0.87,0.76,0.77,123.91,109.61,97.63,71.94,43.85,22.03,12.01,31.0,29.28,6.52,6.3,4.86,3.67,62.25,124.75
2025-09-11 18:00:11.211,69.73,18.41,3.06,1.44,1.13,1.27,1.08,0.74,0.95,79.2,1.32,1.28,0.26,10.85,9.27,-0.01,59.93,41.47,1.96,1.71,3.97,41.35,39.31,7.05,0.84,0.9,0.87,0.8,0.6,122.7,118.98,95.6,71.94,41.61,21.01,12.22,27.94,24.78,6.68,6.26,4.49,3.47,62.25,124.75
2025-09-11 18:00:11.462,71.77,19.43,3.06,1.61,1.37,1.59,1.32,1.07,1.11,82.06,1.32,2.1,0.67,11.01,9.35,0.4,62.39,42.5,2.77,2.12,4.26,41.56,40.12,7.14,1.04,1.02,0.95,0.96,0.93,123.91,118.98,96.82,69.9,42.01,20.19,12.83,27.12,23.76,6.6,6.26,4.61,3.63,62.25,124.75
2025-09-11 18:00:11.739,71.36,18.61,2.04,1.36,1.13,1.1,0.92,0.74,0.71,79.61,0.5,1.08,-1.17,10.76,9.11,-0.09,60.34,41.47,2.16,0.9,4.28,40.33,38.49,7.05,0.68,0.81,0.66,0.6,0.44,121.89,123.46,93.15,67.44,39.77,18.96,11.81,25.29,25.6,6.03,5.93,4.49,3.47,62.25,124.75
2025-09-11 18:00:11.962,72.59,19.43,3.06,1.44,1.61,1.84,1.0,0.99,1.11,82.88,1.93,2.51,0.67,11.33,9.92,0.32,62.39,42.7,3.79,2.53,4.6,40.53,40.53,7.58,0.92,0.77,0.82,0.72,0.77,123.51,119.79,95.6,69.9,40.18,18.76,13.24,24.67,24.17,6.6,6.26,4.78,3.67,62.25,124.75
2025-09-11 18:00:12.212,71.36,19.22,2.86,1.69,1.37,1.51,1.16,0.74,0.87,82.06,1.11,2.3,-0.15,11.42,9.92,-0.01,62.18,42.91,3.38,2.94,4.71,41.15,39.1,7.66,0.84,0.94,0.78,0.6,0.73,123.91,114.09,93.15,69.49,37.94,17.33,13.24,26.1,24.99,6.35,6.14,4.57,3.59,62.25,124.75
2025-09-11 18:00:12.462,72.18,19.43,3.47,1.85,1.61,1.59,1.24,0.99,1.03,82.88,1.32,2.3,0.46,11.91,10.16,0.24,62.59,43.11,3.59,2.73,4.85,41.15,39.72,7.91,0.88,0.81,0.78,0.8,0.69,122.29,118.16,94.37,68.67,38.96,17.94,13.24,26.92,25.4,6.76,6.34,4.74,3.67,62.25,124.75
2025-09-11 18:00:12.750,68.91,18.81,2.04,1.12,0.8,0.78,0.35,0.25,0.3,78.79,0.09,0.47,-0.96,11.25,9.68,-0.42,59.52,40.45,2.98,-0.12,4.77,40.12,37.06,7.75,0.47,0.73,0.54,0.47,0.48,121.48,115.31,91.52,64.16,37.33,15.69,12.22,26.1,25.19,6.35,6.14,4.49,3.43,62.25,124.75
2025-09-11 18:00:12.962,72.18,20.04,2.65,1.44,1.45,1.43,1.24,1.07,1.03,81.65,1.73,1.89,0.46,12.15,10.25,0.07,62.39,42.29,3.59,1.71,4.93,40.74,38.49,8.11,0.88,0.85,0.82,0.88,0.69,124.32,115.72,93.96,68.67,39.37,17.12,12.83,26.92,28.26,6.84,6.42,4.61,3.59,62.25,124.75
2025-09-11 18:00:13.212,71.36,19.22,2.65,1.28,0.8,1.1,1.0,0.82,0.87,80.84,1.11,1.49,0.05,11.99,10.0,0.07,61.36,41.68,3.18,1.92,4.91,40.94,39.72,8.4,0.88,0.81,0.87,0.76,0.77,123.51,123.87,93.96,68.67,37.74,17.12,13.03,27.12,27.85,6.6,6.3,4.78,3.51,62.25,124.75
2025-09-11 18:00:13.461,71.36,19.63,3.26,1.36,1.29,1.35,1.08,0.9,0.87,82.47,1.73,1.89,1.07,12.07,10.49,0.4,61.57,41.88,2.98,2.12,4.95,40.94,38.9,8.23,0.92,0.81,0.87,0.76,0.81,124.72,114.5,93.56,67.03,39.37,17.94,13.44,31.61,30.71,6.92,6.26,4.78,3.72,62.25,124.75
2025-09-11 18:00:13.739,70.14,18.61,2.86,0.96,0.96,0.86,0.92,0.58,0.63,78.79,0.09,0.47,-0.76,11.5,10.0,-0.17,59.93,40.25,1.96,0.49,4.77,39.3,37.87,8.03,0.55,0.57,0.62,0.56,0.56,123.1,112.46,92.74,67.44,38.55,17.33,12.22,29.16,29.28,6.44,6.18,4.49,3.31,62.25,124.75
2025-09-11 18:00:13.969,71.36,19.43,2.25,1.04,0.96,1.1,1.16,0.99,1.11,79.61,0.91,1.69,0.05,11.82,10.41,-0.01,60.55,41.07,2.57,1.51,4.54,40.33,39.72,8.03,0.72,0.73,0.82,0.68,0.69,124.32,112.46,93.96,69.08,39.77,17.94,12.42,30.8,30.3,6.92,6.58,4.53,3.59,62.25,124.75
2025-09-11 18:00:14.221,71.36,19.43,2.65,1.2,0.8,1.02,0.83,0.58,0.38,78.79,0.09,0.87,-0.15,11.66,9.92,0.07,59.93,40.66,2.36,1.1,4.48,40.94,39.72,7.95,0.72,0.69,0.7,0.72,0.64,123.91,112.05,94.37,67.03,38.55,17.73,12.01,31.61,28.67,6.92,6.46,4.49,3.47,62.25,124.75
2025-09-11 18:00:14.470,70.96,18.81,2.25,1.36,1.29,1.27,1.0,0.9,0.71,81.25,1.11,1.08,0.05,11.17,9.68,-0.17,59.73,40.25,1.75,1.1,4.4,39.92,38.08,7.54,0.68,0.69,0.66,0.6,0.6,122.7,112.05,92.74,67.85,39.16,16.92,12.22,29.57,30.1,6.68,6.34,4.53,3.51,62.25,124.75
2025-09-11 18:00:14.718,71.77,18.2,2.65,1.61,1.37,1.43,1.16,0.9,0.95,80.43,1.73,2.91,0.67,11.99,10.33,0.32,60.55,41.47,3.38,2.33,4.64,41.35,40.94,7.95,0.96,0.85,0.91,0.8,0.77,124.32,111.24,94.78,69.08,39.98,17.94,13.24,30.18,30.1,6.68,6.38,4.66,3.67,62.25,124.75
2025-09-11 18:00:14.962,70.14,18.81,2.86,1.28,1.37,1.43,0.92,0.99,0.95,80.02,1.52,2.51,0.87,11.58,10.08,0.16,60.55,41.47,2.36,2.12,4.56,40.74,40.94,7.83,0.72,0.85,0.78,0.72,0.77,123.51,121.02,94.78,69.49,40.59,18.14,13.24,31.2,28.26,6.6,6.3,4.61,3.72,62.25,124.75
2025-09-11 18:00:15.211,71.36,18.41,2.04,1.52,1.45,1.19,1.24,0.99,0.87,80.43,0.91,2.51,0.46,11.91,10.08,0.07,60.14,41.68,2.98,1.92,4.46,41.15,39.1,7.75,0.92,0.77,0.82,0.68,0.77,124.72,111.24,96.0,69.9,40.18,18.96,13.03,31.2,31.94,7.09,6.54,4.74,3.84,62.25,124.75
2025-09-11 18:00:15.462,70.96,18.61,2.45,1.61,1.37,1.43,1.16,0.99,1.11,80.43,1.52,1.49,0.87,11.74,10.08,0.4,59.93,41.07,3.38,2.12,4.54,41.35,39.51,7.7,0.88,0.85,0.87,0.92,0.81,123.51,114.09,94.37,67.85,39.37,17.94,13.24,32.43,31.53,6.76,6.34,4.74,3.63,62.25,124.75
2025-09-11 18:00:15.739,70.96,17.8,1.84,1.12,1.04,1.1,1.0,0.58,0.71,79.2,0.09,0.87,-0.35,11.25,9.43,-0.33,60.14,40.66,2.98,1.31,4.73,39.51,38.69,7.54,0.47,0.69,0.62,0.56,0.48,122.29,113.68,90.7,66.62,38.35,16.92,12.01,30.18,28.06,6.03,5.97,4.41,3.35,62.25,124.75
2025-09-11 18:00:15.961,72.59,18.41,2.86,1.36,1.45,1.51,1.24,1.23,1.03,80.84,1.73,2.51,0.67,11.82,10.0,0.32,60.55,42.5,3.59,2.12,5.01,41.35,39.72,8.03,0.96,0.81,0.91,0.68,0.85,123.51,125.09,93.96,67.44,38.55,17.53,13.24,33.86,32.55,6.27,6.14,4.49,3.67,62.25,124.75
2025-09-11 18:00:16.212,71.36,18.61,2.86,1.61,1.61,1.51,0.92,0.99,0.95,82.06,1.11,2.51,0.67,11.74,10.33,0.32,61.36,41.68,3.79,2.33,4.95,40.74,39.1,8.03,0.92,0.85,0.82,0.84,0.77,125.13,115.31,93.96,68.67,39.37,18.35,13.64,32.84,29.69,6.6,6.3,4.61,3.72,62.25,124.75
2025-09-11 18:00:16.462,71.77,19.22,2.86,1.77,1.86,1.92,1.49,1.07,1.2,81.65,2.34,1.89,0.87,12.07,10.16,0.4,61.57,41.88,3.59,2.33,4.83,41.56,40.74,8.23,0.88,1.02,0.91,0.76,0.89,123.51,116.13,94.78,68.26,39.57,19.17,13.44,33.65,27.44,6.92,6.22,4.66,3.59,62.25,124.75
2025-09-11 18:00:16.711,72.18,19.22,3.47,1.93,1.77,1.84,1.4,1.07,1.03,82.47,2.34,2.91,1.07,12.15,10.49,0.16,61.77,41.68,3.59,2.73,4.93,41.56,39.92,8.4,0.92,0.77,0.91,0.76,0.77,124.72,114.09,96.41,70.3,41.81,19.78,14.46,31.2,32.14,7.01,6.5,4.78,3.76,62.25,124.75
2025-09-11 18:00:16.962,70.96,18.81,3.06,2.01,1.53,1.84,1.08,1.07,1.03,82.47,2.34,2.71,0.87,12.23,10.49,0.32,61.57,41.88,3.99,2.94,4.95,41.56,41.96,8.4,0.72,0.94,0.82,0.88,0.77,125.13,117.76,95.6,69.49,40.38,18.35,13.85,28.55,29.08,7.09,6.54,4.7,3.63,62.25,124.75
2025-09-11 18:00:17.212,70.96,17.8,3.06,1.77,1.45,1.51,1.16,0.99,0.87,82.06,1.93,2.1,0.05,12.15,10.16,0.07,60.75,41.68,2.77,1.71,4.87,40.94,40.33,8.15,0.92,0.9,0.78,0.8,0.69,125.94,116.94,94.78,69.49,40.38,18.14,13.44,28.14,26.42,7.01,6.38,4.49,3.55,62.25,124.75
2025-09-11 18:00:17.461,71.77,18.81,3.26,2.01,1.77,1.84,1.49,1.07,1.11,82.47,1.93,2.51,0.67,12.15,10.33,0.32,61.16,42.09,3.38,2.33,4.85,40.94,41.76,8.15,0.88,0.9,0.95,0.92,0.93,125.94,110.83,96.0,69.9,41.61,19.98,13.44,28.55,26.62,6.6,6.38,4.7,3.63,62.25,124.75
